file,hebrew_name,category,candidate_id,candidate_label,source_page_url,image_url,match
017-orri-mandarin.jpg,אורה (מנדרינה),הדרים,ddg-d15f405cb977,DuckDuckGo: Get Orri Mandarin Delivered | Weee! Asian Market,https://www.sayweee.com/en/product/Orri-Mandarin/54107,https://img06.weeecdn.com/item/image/041/551/68EA492E7EA684A3.jpg,generic
017-orri-mandarin.jpg,אורה (מנדרינה),הדרים,ddg-2bc3e496ced3,DuckDuckGo: Get Orri Mandarin 2.8-3.2 lb Delivered | MásGusto Latino Market,https://www.masgusto.com/en/product/Orri-Mandarin/50530,https://img06.weeecdn.com/product/image/333/292/50BCA924DF14798.png,generic
017-orri-mandarin.jpg,אורה (מנדרינה),הדרים,ddg-dee6c5927d95,DuckDuckGo: Orri Mandarin - itemroot,https://itemroot.com/products/orri-mandarin,https://itemroot.com/cdn/shop/files/IMG_0642.jpg?v=1696096310&width=1445,generic
015-jaffa-orange.jpg,שמוטי,הדרים,ddg-2fe5dd514552,"DuckDuckGo: Jaffa orange - Alchetron, The Free Social Encyclopedia",https://alchetron.com/Jaffa-orange,https://alchetron.com/cdn/jaffa-orange-c79d8c9d-26b7-4057-b866-24ed86540e9-resize-750.jpg,generic
015-jaffa-orange.jpg,שמוטי,הדרים,ddg-3a983443ead3,"DuckDuckGo: The Jaffa orange, a fruit that once symbolized prosperity and ...",https://www.linkedin.com/posts/john-paap-5b53312a_freshproduce-history-freshfruit-activity-7278032223230988288-sGXr,https://media.licdn.com/dms/image/v2/D4E22AQE1ve75MbMfYg/feedshare-shrink_2048_1536/B4EZQDDuu3GcAo-/0/1735218098577?e=2147483647&v=beta&t=-RTIHiUGCrLAz68Os-_UaCyO3059QryxTAzrTOFbuDI,generic
015-jaffa-orange.jpg,שמוטי,הדרים,ddg-36b3cbd79daa,DuckDuckGo: If we all do our bit we can make a difference | Jaffa Fruit,https://jaffa.co.uk/doing-our-bit/,https://jaffa.co.uk/wp-content/uploads/2024/07/Jaffa-Oranges-FINAL.webp,generic
017-orri-mandarin.jpg,אורה (מנדרינה),הדרים,ddg-2793527db4fa,DuckDuckGo: Camposol Orri Mandarin Orange - 2 Lbs - Asian Veggies,https://asian-veggies.com/products/orri-mandarin-2-lbs,https://cdn.shopify.com/s/files/1/0271/6634/3237/products/orri_1024x1024.png?v=1615241017,generic
017-orri-mandarin.jpg,אורה (מנדרינה),הדרים,ddg-73388dce9f3a,DuckDuckGo: Orri Mandarin - Weee!,https://www.sayweee.com/en/product/Orri-Mandarin/54107,https://img06.weeecdn.com/product/image/160/287/30526A2687BAF733.jpg!c1024x0.jpg,generic
017-orri-mandarin.jpg,אורה (מנדרינה),הדרים,ddg-d5be86633e70,DuckDuckGo: The ORRI variety is celebrating its 10th anniversary and a new image.,https://www.ifema.es/en/fruit-attraction/press-releases/the-variety-orri-anniversary,https://www.ifema.es/fruit-attraction/img/m/mandarinas-orri/orri-horizontal-1.jpg,generic
033-ettinger-avocado.jpg,אטינגר,אבוקדו,ddg-8bca6ffb3b2a,DuckDuckGo: Variety List | Avocado Information,https://avocado.ucr.edu/variety-list,https://avocado.ucr.edu/sites/default/files/Ettinger.jpg,generic
033-ettinger-avocado.jpg,אטינגר,אבוקדו,ddg-d4615617ee77,DuckDuckGo: Ettinger avocado: a profile - Greg Alder's Yard Posts: Southern ...,https://gregalder.com/yardposts/ettinger-avocado-a-profile/,https://gregalder.com/yardposts/wp-content/uploads/2020/12/Ettinger-avocado-profile.jpg,generic
033-ettinger-avocado.jpg,אטינגר,אבוקדו,ddg-8883d004402b,DuckDuckGo: Pianta da Frutto Esotica Tropicale 'Avocado Ettinger' Persea Americana,https://venditapiccolifrutti.it/prodotto/avocado-ettinger-persea-americana/,https://venditapiccolifrutti.it/wp-content/uploads/2022/01/avocado-ettinger.jpg,generic
033-ettinger-avocado.jpg,אטינגר,אבוקדו,ddg-1840594879c9,DuckDuckGo: Ettinger Avocado Hangs On The Tree For Picking Stock Photo - Download ...,https://www.istockphoto.com/photo/ettinger-avocado-hangs-on-the-tree-for-picking-gm1344691036-422968274,https://media.istockphoto.com/id/1344691036/photo/ettinger-avocado-hangs-on-the-tree-for-picking.jpg?s=170667a&w=0&k=20&c=uuZOtNNC8jCf875oCS3XUfzgd5pyCq07PsOf6jC2qA0=,generic
034-tig-avocado.jpg,טיג,אבוקדו,ddg-9f19db97422d,DuckDuckGo: Availble at The Greenery!!! New variety of greenskins avocado Tig ...,https://nl.linkedin.com/posts/elena-rogojnikova-8a495215_availble-at-the-greenery-new-variety-of-activity-6970281556217077760-c0Np,https://media.licdn.com/dms/image/v2/C4E22AQFErTs9Gh2ERg/feedshare-shrink_800/feedshare-shrink_800/0/1661844623231?e=2147483647&v=beta&t=uRCDM9_gkNJbpJZgeNkhNz22Hnt2xKRQ4YdHWvVlmP0,generic
036-fuerte-avocado.jpg,פוארטה,אבוקדו,ddg-597feb695fc0,DuckDuckGo: Fuerte Avocado Grow Guide - Tropical Tree Guide,https://tropicaltreeguide.com/fuerte-avocado-grow-guide/,https://tropicaltreeguide.com/wp-content/uploads/2024/05/Avocado_Fuerte_Fruit_IG_AvahoAvocados_08-837x1024.jpg,generic
036-fuerte-avocado.jpg,פוארטה,אבוקדו,ddg-370062b96cb8,DuckDuckGo: Fuerte Avocado Grow Guide - Tropical Tree Guide,https://tropicaltreeguide.com/fuerte-avocado-grow-guide/,https://tropicaltreeguide.com/wp-content/uploads/2024/05/Avocado_Fuerte_Fruit_IG_grossmanavocados_03-1024x986.jpg,generic
036-fuerte-avocado.jpg,פוארטה,אבוקדו,ddg-4bec6111589c,DuckDuckGo: The Fuerte avocado tree: a profile - Greg Alder's Yard Posts: Southern ...,https://gregalder.com/yardposts/the-fuerte-avocado-tree-a-profile/,https://gregalder.com/yardposts/wp-content/uploads/2020/02/Fuerte-avocados-with-other-varieties-980x837.jpg,generic
036-fuerte-avocado.jpg,פוארטה,אבוקדו,ddg-367baf2cb878,DuckDuckGo: Fuerte Avocado - Persea americana 'Fuerte' - Plants Express,https://plantsexpress.com/products/fuerte-avocado,https://plantsexpress.com/cdn/shop/products/Fuerte-avocado-2.jpg?v=1684454872&width=1946,generic
037-pinkerton-avocado.jpg,פינקרטון,אבוקדו,ddg-101daa04dad4,DuckDuckGo: Pinkerton avocado,http://www.myavocadotrees.com/pinkerton-avocado.html,http://www.myavocadotrees.com/uploads/1/1/0/3/11034081/8495461_orig.jpg,generic
037-pinkerton-avocado.jpg,פינקרטון,אבוקדו,ddg-47252118ffd8,DuckDuckGo: Pinkerton Avocado - TropicalFruitParadise,https://tropicalfruitparadise.com/ro-ro/products/pinkerton-avocado,https://tropicalfruitparadise.com/cdn/shop/files/AvocadoPinkerton2Kg_Texture.jpg?v=1762433931,generic
037-pinkerton-avocado.jpg,פינקרטון,אבוקדו,ddg-c48dc454f107,"DuckDuckGo: Persea americana ""Pinkerton"", pinkerton Avocado - Simegarden",https://www.simegarden.com/products/pinkerton-avocado,https://www.simegarden.com/cdn/shop/files/simegarden-pinkerton-avocado-17-cm-62180844044621.png?v=1737701245&width=1024,generic
037-pinkerton-avocado.jpg,פינקרטון,אבוקדו,ddg-8c94074ab1db,"DuckDuckGo: Pinkerton Avocados: Description, Flavor, Benefits, And Uses - Gardeners ...",https://gardenersmag.com/pinkerton-avocado/,https://gardenersmag.com/wp-content/uploads/2023/09/pinkerton-avocado-1024x684.jpg,generic
038-maluma-avocado.jpg,מלומה,אבוקדו,ddg-cbeb250276ce,DuckDuckGo: Maluma vs Hass Avocado Varieties Comparison - YouTube,https://www.youtube.com/watch?v=JyHtQkTj9NA,https://i.ytimg.com/vi/JyHtQkTj9NA/maxresdefault.jpg,generic
038-maluma-avocado.jpg,מלומה,אבוקדו,ddg-523998e54b06,DuckDuckGo: Maluma Hass avocado fruit tree variety | ANFIC,https://anfic.com.au/variety/maluma-hass/,https://i1.wp.com/anfic.com.au/wp-content/uploads/2019/08/Maluma-Hass-avocado-fruit-tree-variety-anfic.jpg?fit=900%2C578&ssl=1,generic
038-maluma-avocado.jpg,מלומה,אבוקדו,ddg-44afe13f56aa,"DuckDuckGo: Maluma (avocado) - Alchetron, The Free Social Encyclopedia",https://alchetron.com/Maluma-(avocado),https://alchetron.com/cdn/maluma-avocado-9b22021a-95aa-4a63-8a18-b043a764348-resize-750.jpeg,generic
038-maluma-avocado.jpg,מלומה,אבוקדו,ddg-7dcf007515cf,"DuckDuckGo: Maluma (avocado) - Alchetron, The Free Social Encyclopedia",https://alchetron.com/Maluma-(avocado),https://alchetron.com/cdn/maluma-avocado-0fdeb256-6d4c-4c38-a9e8-7d198096d25-resize-750.jpeg,generic
039-hass-avocado.jpg,הס,אבוקדו,ddg-84af8236d158,DuckDuckGo: Hass Avocado Farming - Newleaf seedlings,https://newleafseedlings.co.ke/2026/02/23/hass-avocado-farming/,https://images.deliveryhero.io/image/product-information-management/66320d7f96a6547d267e70e5.jpg,generic
039-hass-avocado.jpg,הס,אבוקדו,ddg-bda23daa4a86,DuckDuckGo: Hass Avocado - fresh,https://www.perthorganics.com/hass-avocado,https://www.perthorganics.com/assets/full/AvocadoHass.jpg?20200711031200,generic
039-hass-avocado.jpg,הס,אבוקדו,ddg-d807eff0a9f5,DuckDuckGo: Hass Avocado Tree,https://www.vegogarden.com/products/hass-avocado-tree,https://www.vegogarden.com/cdn/shop/files/Hass-Avocado-2_34d1bdf5-c5e7-4146-b3f4-858ae691ea9c_1800x1800.jpg?v=1758881687,generic
039-hass-avocado.jpg,הס,אבוקדו,ddg-04f4dda501de,DuckDuckGo: Avocado Hass 1ct - GroceriesToGo Aruba,https://groceriestogoaruba.com/products/avocado-hass,https://groceriestogoaruba.com/cdn/shop/products/AvocadoHass1ct2.jpg?v=1677195186,generic
040-reed-avocado.jpg,ריד (מאוחר),אבוקדו,ddg-808e8186a627,DuckDuckGo: Reed Avocado Tree,https://storage.googleapis.com/relavonit/reed-avocado-tree.html,https://tropicaltreeguide.com/wp-content/uploads/2024/01/Reed-Avocado.png,generic
040-reed-avocado.jpg,ריד (מאוחר),אבוקדו,ddg-82156b1b6865,DuckDuckGo: What Is A Reed Avocado at Stephanie Felder blog,https://storage.googleapis.com/dblpokjaqiayee/what-is-a-reed-avocado.html,https://images.squarespace-cdn.com/content/v1/5cca114cb5014d7047d6e808/1564993680654-DYJV7IA2F3IJC9VUC3SX/IMG_9391.jpg,generic
040-reed-avocado.jpg,ריד (מאוחר),אבוקדו,ddg-5675b25e1f3b,DuckDuckGo: Know Your Avocado: The Reed Avocado - ATQXZT,https://tiny-mundo.de/know-your-avocado-the-reed-avocado/,https://specialtyproduce.com/sppics/7521.png,generic
040-reed-avocado.jpg,ריד (מאוחר),אבוקדו,ddg-d36cce8cb952,DuckDuckGo: Reed Avocado Grow Guide - Tropical Tree Guide,https://tropicaltreeguide.com/reed-avocado-grow-guide/,https://tropicaltreeguide.com/wp-content/uploads/2024/05/Avocado_Reed_Fuit_IG_ProduceArtAustralia_01.jpg,generic
041-gala-apple.jpg,גאלה (מוקדם),תפוחים,ddg-fc5daafd4dd5,DuckDuckGo: Gala Apple Each - Produce inventory for produce distributors - Walmart ...,https://business.walmart.com/ip/Fresh-Gala-Apple-Each/44390953,https://i5.walmartimages.com/seo/Fresh-Gala-Apple-Each_f46d4fa7-6108-4450-a610-cc95a1ca28c5_3.38c2c5b2f003a0aafa618f3b4dc3cbbd.jpeg,generic
041-gala-apple.jpg,גאלה (מוקדם),תפוחים,ddg-b6cf8a07b175,DuckDuckGo: Apple Royal Gala - Fresh Leaf UAE,https://freshleafuae.com/apple-royal-gala/,https://freshleafuae.com/wp-content/uploads/2024/10/apple-royal-gala-freshleaf-dubai-uae-img03.jpg,generic
041-gala-apple.jpg,גאלה (מוקדם),תפוחים,ddg-443e9e98dca7,DuckDuckGo: Download Gala Apple Png 06132024 | Wallpapers.com,https://wallpapers.com/png/gala-apple-png-06132024-8xaltzv82b7y4ky7.html,https://wallpapers.com/images/hd/gala-apple-png-06132024-8xaltzv82b7y4ky7.png,generic
041-gala-apple.jpg,גאלה (מוקדם),תפוחים,ddg-79c096762544,"DuckDuckGo: How to Plant, Grow, and Care for 'Gala' Apple Trees",https://www.epicgardening.com/gala-apples/,https://www.epicgardening.com/wp-content/uploads/2024/03/Red-apple-harvest-Royal-Gala-in-the-countryside-1536x864.jpg,generic
042-golden-delicious-apple.jpg,זהוב / Golden,תפוחים,ddg-96da885ae42c,DuckDuckGo: Picture Of Golden Delicious Apple at Janice Hogan blog,https://storage.googleapis.com/dbqekbyylensoe/picture-of-golden-delicious-apple.html,https://waapple.org/wp-content/uploads/2021/06/Variety_Golden-Delicious-transparent-1024x1024.png,generic
042-golden-delicious-apple.jpg,זהוב / Golden,תפוחים,ddg-344aead76d60,DuckDuckGo: Golden Delicious - New York Apple Association,https://www.applesfromny.com/varieties/golden-delicious/,https://www.applesfromny.com/wp-content/uploads/2020/06/Golden-DeliciousNEW.png,generic
042-golden-delicious-apple.jpg,זהוב / Golden,תפוחים,ddg-42cefee69cb9,DuckDuckGo: Golden Delicious Apple Tree Seeds For Sale at Isabel Newell blog,https://storage.googleapis.com/drksoatbntampe/golden-delicious-apple-tree-seeds-for-sale.html,https://img.imageboss.me/fourwinds/width/425/dpr:2/shop/files/Golden-Delicious-Apple-Tree.jpg?v=1696282589,generic
042-golden-delicious-apple.jpg,זהוב / Golden,תפוחים,ddg-ff7fab699311,DuckDuckGo: What Are Golden Delicious Apples: Information About Golden Delicious ...,https://www.gardeningknowhow.com/edible/fruits/apples/golden-delicious-apple-care.htm,https://cdn.mos.cms.futurecdn.net/sQQa7GR3GSfc4Vp63grzLe.jpg,generic
043-pink-lady-apple.jpg,פינק ליידי (מאוחר),תפוחים,ddg-66686c80f65e,DuckDuckGo: Pink Lady apples are a crisp and sweet-tart apple variety with a ...,https://www.vecteezy.com/photo/53327991-pink-lady-apples-are-a-crisp-and-sweet-tart-apple-variety-with-a-beautiful-blush-pink-skin,https://static.vecteezy.com/system/resources/previews/053/327/991/large_2x/pink-lady-apples-are-a-crisp-and-sweet-tart-apple-variety-with-a-beautiful-blush-pink-skin-free-photo.jpg,generic
043-pink-lady-apple.jpg,פינק ליידי (מאוחר),תפוחים,ddg-328444a8e7ed,DuckDuckGo: What Is Pink Lady Apple at Joan Currie blog,https://storage.googleapis.com/drqflvxnmfjtte/what-is-pink-lady-apple.html,https://myonlinevipani.com/wp-content/uploads/2022/08/Pink-Lady-Apple.jpg,generic
043-pink-lady-apple.jpg,פינק ליידי (מאוחר),תפוחים,ddg-d8aed984dc95,DuckDuckGo: The Apple - Pink Lady,https://pinkladyapples.com/the-apple/,https://pinkladyapples.com/wp-content/uploads/2021/12/floating-apple.png,generic
043-pink-lady-apple.jpg,פינק ליידי (מאוחר),תפוחים,ddg-e0f8c643356c,"DuckDuckGo: Pink Lady®, a unique apple | Pink Lady®",https://www.pomme-pinklady.com/en/pink-lady/,https://www.pomme-pinklady.com/app/uploads/2022/11/PommeFace_sansPLU_sticker_2022-2048x1958.png,generic
044-peach-fruit.jpg,עודד (אפרסק מוקדם),אפרסק / נקטרינה,ddg-5b52c9e711b6,"DuckDuckGo: 60,000+ Free Peach-Fruit & Peach Images - Pixabay",https://pixabay.com/images/search/peach-fruit/,https://cdn.pixabay.com/photo/2017/08/02/22/46/peaches-2573836_1280.jpg,generic
044-peach-fruit.jpg,עודד (אפרסק מוקדם),אפרסק / נקטרינה,ddg-9c4dcf8a8a3c,DuckDuckGo: Peach Fruit Tree at Heather Phillips blog,https://storage.googleapis.com/dyvdcfwczronze/peach-fruit-tree.html,https://cdn.pixabay.com/photo/2022/08/18/19/56/peaches-7395592_1280.jpg,generic
044-peach-fruit.jpg,עודד (אפרסק מוקדם),אפרסק / נקטרינה,ddg-5c18aa6ee58e,"DuckDuckGo: Peach Fruit Png, Peach On Transparent Background 22825541, 49% OFF",https://www.pinnaxis.com/?k=peach-fruit-png-peach-on-transparent-background-22825541-png-ee-2EJ8xQHj,https://static.vecteezy.com/system/resources/previews/022/825/541/original/peach-fruit-peach-on-transparent-background-png.png,generic
044-peach-fruit.jpg,עודד (אפרסק מוקדם),אפרסק / נקטרינה,ddg-4d2657bb36ee,DuckDuckGo: Peach Fruit Wallpapers - Wallpaper Cave,https://wallpapercave.com/peach-fruit-wallpapers,https://wallpapercave.com/wp/wp10668008.jpg,generic
045-nectarine-fruit.jpg,נקטרינה צהובה,אפרסק / נקטרינה,ddg-60a76d41ff59,DuckDuckGo: Nectarine Fruit In Tamil at Jacob Honda blog,https://storage.googleapis.com/dkihhyctidsxge/nectarine-fruit-in-tamil.html,https://cdn.britannica.com/25/182625-050-327FAC9B/Nectarine-fruits.jpg,generic
045-nectarine-fruit.jpg,נקטרינה צהובה,אפרסק / נקטרינה,ddg-7cf235468df3,DuckDuckGo: Download Juicy Nectarine Fruit HD Wallpaper | Wallpapers.com,https://wallpapers.com/wallpapers/juicy-nectarine-fruit-hd-f7hdhfzdshuh3qw9.html,https://wallpapers.com/images/hd/juicy-nectarine-fruit-hd-f7hdhfzdshuh3qw9.jpg,generic
045-nectarine-fruit.jpg,נקטרינה צהובה,אפרסק / נקטרינה,ddg-ecc3c0da29b4,DuckDuckGo: Whole nectarine fruit isolated on white background 1223776 Stock Photo ...,https://www.vecteezy.com/photo/1223776-whole-nectarine-fruit-isolated-on-white-background,https://static.vecteezy.com/system/resources/previews/001/223/776/large_2x/whole-nectarine-fruit-isolated-on-white-background-free-photo.jpg,generic
045-nectarine-fruit.jpg,נקטרינה צהובה,אפרסק / נקטרינה,ddg-26a9b85d6cad,DuckDuckGo: Nectarine Fruit Price at Ronald Piper blog,https://storage.googleapis.com/daeryksssgtcxe/nectarine-fruit-price.html,https://plantnet.com.au/wp-content/uploads/plantnet-rootstock-nectarine-Super-dwarf-sunset4.jpg,generic
046-white-nectarine.jpg,נקטרינה לבנה,אפרסק / נקטרינה,ddg-1597821c777c,DuckDuckGo: White Nectarine | Kian Seng Fresh Produce - Fresh Produce Importer,https://kiansengfp.com.sg/product/white-nectarine/,https://kiansengfp.com.sg/wp-content/uploads/2021/03/White-nectarine.jpg,generic
046-white-nectarine.jpg,נקטרינה לבנה,אפרסק / נקטרינה,ddg-6d5c62852788,DuckDuckGo: White Nectarine Same-Day Delivery or Pickup | Sprouts Farmers Market,https://shop.sprouts.com/store/sprouts/products/21848563-white-nectarine-1-lb,https://d2lnr5mha7bycj.cloudfront.net/product-image/file/large_6fb0a930-1b74-4210-859f-4949158fcf81.png,generic
046-white-nectarine.jpg,נקטרינה לבנה,אפרסק / נקטרינה,ddg-a57f6a091370,DuckDuckGo: White Flesh Nectarine - Fruiticious Fresh Fruit And Veg Market,https://fruiticious.com.au/product/white-flesh-nectarine/,https://fruiticious.com.au/wp-content/uploads/2018/01/White-Flesh-Nectarine.jpg,generic
046-white-nectarine.jpg,נקטרינה לבנה,אפרסק / נקטרינה,ddg-db60e10e8ebf,"DuckDuckGo: Sliced white nectarine stock photo. Image of food, nectarines - 209719746",https://www.dreamstime.com/sliced-white-nectarine-path-isolated-white-sliced-white-nectarine-image209719746,https://thumbs.dreamstime.com/z/sliced-white-nectarine-path-isolated-white-sliced-white-nectarine-209719746.jpg,generic
047-peach-fruit.jpg,סאמר סנו,אפרסק / נקטרינה,ddg-af6f5e1fb65f,DuckDuckGo: Picture Of Peach Fruit at Jennifer Johansen blog,https://storage.googleapis.com/djuenazxpogeke/picture-of-peach-fruit.html,https://www.healthbenefitstimes.com/9/gallery/peach/Half-cut-Peach-fruit.jpg,generic
047-peach-fruit.jpg,סאמר סנו,אפרסק / נקטרינה,ddg-a15f533beb51,"DuckDuckGo: 60,000+ Free Peach-Fruit & Peach Images - Pixabay",https://pixabay.com/images/search/peach-fruit/,https://cdn.pixabay.com/photo/2015/07/15/21/51/peach-846962_1280.jpg,generic
047-peach-fruit.jpg,סאמר סנו,אפרסק / נקטרינה,ddg-8e3ed3893c37,DuckDuckGo: Peaches Peach Tree Fruits Fruit - Free photo on Pixabay,https://pixabay.com/photos/peaches-peach-tree-fruits-7395590/,https://cdn.pixabay.com/photo/2022/08/18/19/55/peaches-7395590_1280.jpg,generic
047-peach-fruit.jpg,סאמר סנו,אפרסק / נקטרינה,ddg-947840e17a57,DuckDuckGo: How to grow a peach tree from seed: for delicious fruit | Homes and Gardens,https://www.homesandgardens.com/gardens/how-to-grow-a-peach-tree-from-seed,https://cdn.mos.cms.futurecdn.net/dHwiijzpfQddPvgXJ44cUb.jpg,generic
048-flat-peach.jpg,פיתה (אפרסק שטוח),אפרסק / נקטרינה,ddg-a4fc4e5b6f90,DuckDuckGo: Chinese Flat Donut Peaches With Leaves On On Old Wooden Table Also ...,https://cartoondealer.com/image/124249268/chinese-flat-donut-peaches-leaves-old-wooden-table-also-known-as-saturn-donut-doughnut-peach-paraguayo-healthy-eating.html,https://thumbs.dreamstime.com/z/chinese-flat-peaches-half-20461199.jpg,generic
048-flat-peach.jpg,פיתה (אפרסק שטוח),אפרסק / נקטרינה,ddg-b6c74f07de39,"DuckDuckGo: 780+ Flat Peach Photos Stock Photos, Pictures & Royalty-Free Images ...",https://www.istockphoto.com/photos/flat-peach-photos,https://media.istockphoto.com/id/1371346115/photo/flat-peach.jpg?s=612x612&w=0&k=20&c=xflDRlgBgzhGYLdqWh_rHYjIULWzM0GlTe0m4qkGC50=,generic
048-flat-peach.jpg,פיתה (אפרסק שטוח),אפרסק / נקטרינה,ddg-f1f20d5b2371,DuckDuckGo: Flat Peach (Each) | Ripe London,https://ripe.london/product/flat-peach/,http://ripe.london/wp-content/uploads/2021/09/flat-peaches.jpg,generic
048-flat-peach.jpg,פיתה (אפרסק שטוח),אפרסק / נקטרינה,ddg-5481602e25aa,"DuckDuckGo: Flat Peach Isolated On White Background, Clipping Path, Full Depth Of ...",https://cartoondealer.com/image/124891528/flat-peach-isolated-white-background-clipping-path-full-depth-field.html,https://thumbs.dreamstime.com/z/one-whole-flat-peach-green-leaf-isolated-white-background-54843662.jpg,generic
050-santa-rosa-plum.jpg,סנטה רוזה,שזיפים,ddg-a298b5b6c691,DuckDuckGo: Learn About Santa Rosa Plum - Arbor Day Foundation,https://shop.arborday.org/treeguide/621,https://shop-static.arborday.org/media/0003294_santa-rosa-plum.jpeg,generic
050-santa-rosa-plum.jpg,סנטה רוזה,שזיפים,ddg-3879703840f7,DuckDuckGo: Order Santa Rosa Plum Tree | Sweet Plums | Perfect Plants,https://myperfectplants.com/products/santa-rosa-plum-tree,https://myperfectplants.com/cdn/shop/files/santarosaplum_1_800x.jpg?v=1699470798,generic
050-santa-rosa-plum.jpg,סנטה רוזה,שזיפים,ddg-c167b3057397,DuckDuckGo: Buy Santa Rosa Plum Trees Plants & Trees Online | Pixies Gardens | Plum ...,https://www.pinterest.com/pin/santa-rosa-plum-trees-abundant-producer-medium-size-red-skin-with-delicious-golden-flesh-vigorous-and-easy-to-grow-grafted--549579960785771388/,https://i.pinimg.com/736x/b7/cd/74/b7cd74562e7fd650bf710de8623fb252.jpg,generic
050-santa-rosa-plum.jpg,סנטה רוזה,שזיפים,ddg-d9cec1e3c42f,"DuckDuckGo: 'Santa Rosa' Plum / Prunus salicina Fruit And Veg, Fruits And ...",https://www.pinterest.com/pin/542965298820100120/,https://i.pinimg.com/originals/f0/60/d5/f060d51a921608df9810fe79b1830683.jpg,generic
051-plum-fruit.jpg,שגיב,שזיפים,ddg-365701cdc53c,DuckDuckGo: Download Fruit Food Plum 4k Ultra HD Wallpaper,https://wall.alphacoders.com/big.php?i=654083,https://images5.alphacoders.com/654/654083.jpg,generic
051-plum-fruit.jpg,שגיב,שזיפים,ddg-c97a8733b779,DuckDuckGo: Plum Fruit Food - Free photo on Pixabay,https://pixabay.com/photos/plum-fruit-food-vitamins-sweet-1771409/,https://cdn.pixabay.com/photo/2017/09/09/00/21/plums-2730726_1280.jpg,generic
051-plum-fruit.jpg,שגיב,שזיפים,ddg-a1329b8ff124,DuckDuckGo: Japanese Plum Tree 'Methley' | Japanese plum tree fruit,https://www.pinterest.com/pin/japanese-plum-tree-methley--836262224539284925/,https://i.pinimg.com/originals/b3/25/60/b32560143b472c4bb265807310ed5cac.jpg,generic
051-plum-fruit.jpg,שגיב,שזיפים,ddg-92736b3030ca,"DuckDuckGo: Free picture: organic, red, plum, fruit",https://pixnio.com/flora-plants/fruits/plums-fruit-pictures/organic-red-plum-fruit,https://pixnio.com/free-images/flora-plants/fruits/plums-fruit-pictures/organic-red-plum-fruit.jpg,generic
052-plum-fruit.jpg,הודית,שזיפים,ddg-666409939918,DuckDuckGo: Plum Fruit Gujarati Name at Lori Allan blog,https://storage.googleapis.com/dyhxgqnfgvflde/plum-fruit-gujarati-name.html,https://chefsmandala.com/wp-content/uploads/2018/03/Plum.jpg,generic
052-plum-fruit.jpg,הודית,שזיפים,ddg-7a3699864e0d,DuckDuckGo: Premium AI Image | Plum fruit isolated on white background,https://www.freepik.com/premium-ai-image/plum-fruit-isolated-white-background_43589586.htm,https://img.freepik.com/premium-photo/plum-fruit-isolated-white-background_910021-393.jpg?w=826,generic
052-plum-fruit.jpg,הודית,שזיפים,ddg-a3d1b6efca96,DuckDuckGo: Plum Fruit Development at Luca Glossop blog,https://storage.googleapis.com/dddohgpaikplwe/plum-fruit-development.html,https://prod-dovemed.s3.amazonaws.com/media/images/real_plum_plum_prunus_domestica_blue_fruit_eat_.original.jpg,generic
052-plum-fruit.jpg,הודית,שזיפים,ddg-8dd7d0e59d8d,DuckDuckGo: Plum Like Fruit Crossword - prntbl.concejomunicipaldechinu.gov.co,https://prntbl.concejomunicipaldechinu.gov.co/plum-like-fruit-crossword/,http://pngimg.com/uploads/plum/plum_PNG8656.png,generic
053-red-plum.jpg,אדומה,שזיפים,ddg-ca4c66ed83b5,DuckDuckGo: Red Plum: Complete Nutrition Guide - SnapCalorie,https://www.snapcalorie.com/learn/foods/red_plum.html,https://snapcalorie-webflow-website.s3.us-east-2.amazonaws.com/media/food_pics_v2/red_plum.jpg,generic
053-red-plum.jpg,אדומה,שזיפים,ddg-32670d457a74,"DuckDuckGo: Fresh Red Plum products,Cameroon Fresh Red Plum supplier",http://www.21food.com/products/fresh-red-plum-435958.html,http://img.21food.com/20110609/product/1306499769307.jpg,generic
053-red-plum.jpg,אדומה,שזיפים,ddg-ac06ea4e6654,DuckDuckGo: Download Red Plum at its Juiciest Wallpaper | Wallpapers.com,https://wallpapers.com/wallpapers/red-plum-2500-x-1875-wallpaper-4y2wifwe9k4vcl3h.html,https://wallpapers.com/images/hd/red-plum-2500-x-1875-wallpaper-4y2wifwe9k4vcl3h.jpg,generic
053-red-plum.jpg,אדומה,שזיפים,ddg-b2d456697085,DuckDuckGo: Download Plum Red Italian Fruit Variety Wallpaper | Wallpapers.com,https://wallpapers.com/wallpapers/plum-red-italian-fruit-variety-tmjcbcr5w2e9dk22.html,https://wallpapers.com/images/hd/plum-red-italian-fruit-variety-tmjcbcr5w2e9dk22.jpg,generic
054-blue-plum.jpg,כחולה,שזיפים,ddg-4b59985f2dbf,"DuckDuckGo: Blue Damson Plum; Canned Plum, Flavorful, Productive, Self-Pollinating ...",https://fruitsandshoots.com/products/european-plum-blue-damson,https://fruitsandshoots.com/cdn/shop/files/Fruits_And_Shoots_Blue_Damson.jpg?v=1738984746,generic
054-blue-plum.jpg,כחולה,שזיפים,ddg-fb85afc99e6c,DuckDuckGo: Buy Blue Damson Plum Tree Online | Purple Fruit | Perfect Plants,https://myperfectplants.com/products/blue-damson-plum-tree,https://myperfectplants.com/cdn/shop/files/AdobeStock_368647361_1800x1800.jpg?v=1744140147,generic
054-blue-plum.jpg,כחולה,שזיפים,ddg-83fa52c059cb,DuckDuckGo: Half blue plum hi-res stock photography and images - Alamy,https://www.alamy.com/stock-photo/half-blue-plum.html,https://c8.alamy.com/comp/PAMW8T/whole-blue-plums-isolated-on-white-background-as-package-design-element-PAMW8T.jpg,generic
054-blue-plum.jpg,כחולה,שזיפים,ddg-cfdb56c17fe0,DuckDuckGo: *High Sweetness* Blue Gusto Plum (1kg approx) — MomoBud,https://momobud.sg/product/blue-gusto-plum-1kg-approx/,https://momobud.sg/wp-content/uploads/2024/04/Australian-Blue-Gusto-Plum-cross-section.jpg,generic
055-plum-fruit.jpg,בורו / רגיל,שזיפים,ddg-4c0e6222e2e6,DuckDuckGo: Plum Fruit Wallpapers - Wallpaper Cave,https://wallpapercave.com/plum-fruit-wallpapers,https://wallpapercave.com/wp/wp10424493.jpg,generic
055-plum-fruit.jpg,בורו / רגיל,שזיפים,ddg-8338a16968cd,DuckDuckGo: Plum Fruit Tree Flowers at Marie Renda blog,https://storage.googleapis.com/ddcjwtnioerkbe/plum-fruit-tree-flowers.html,http://upload.wikimedia.org/wikipedia/commons/7/7c/Plums_early_morning.jpg,generic
055-plum-fruit.jpg,בורו / רגיל,שזיפים,ddg-e54ab3f22b88,DuckDuckGo: Fresh plum fruit ai generative 30947883 PNG,https://www.vecteezy.com/png/30947883-fresh-plum-fruit-ai-generative,https://static.vecteezy.com/system/resources/previews/030/947/883/original/fresh-plum-fruit-ai-generative-free-png.png,generic
055-plum-fruit.jpg,בורו / רגיל,שזיפים,ddg-0237874cab4c,"DuckDuckGo: Plum Fruit, Plum, natural Foods, food, smoothie png | PNGWing",https://www.pngwing.com/en/free-png-bxakd,https://w7.pngwing.com/pngs/10/921/png-transparent-plum-fruit-plum-natural-foods-food-smoothie.png,generic
056-black-plum.jpg,בלאק,שזיפים,ddg-284e05a64d34,DuckDuckGo: Black Plum: Complete Nutrition Guide - SnapCalorie,https://www.snapcalorie.com/learn/foods/black_plum.html,https://snapcalorie-webflow-website.s3.us-east-2.amazonaws.com/media/food_pics_v2/black_plum.jpg,generic
056-black-plum.jpg,בלאק,שזיפים,ddg-2a09e92e7256,DuckDuckGo: Black Plum,https://cooklist.com/products/produce/fresh-fruit/black-plum,https://s3.amazonaws.com/grocery-project/product_images/black-plum-6762655-0.jpeg,generic
056-black-plum.jpg,בלאק,שזיפים,ddg-cfe70503df70,DuckDuckGo: Plum Black Color at Maria Kring blog,https://storage.googleapis.com/dppuypgjuonnte/plum-black-color.html,https://macedwardsproduce.com/wp-content/uploads/2023/05/AdobeStock_116219592-scaled.jpeg,generic
056-black-plum.jpg,בלאק,שזיפים,ddg-712652c2d65a,DuckDuckGo: Black Plum Fiber Content at Zara Khull blog,https://storage.googleapis.com/dbofjkrfmhweqe/black-plum-fiber-content.html,https://pafruit.co.uk/wp-content/uploads/2023/07/Black-Plum-3.jpg,generic
057-plum-fruit.jpg,אוגדן,שזיפים,ddg-b62e64ee6e16,DuckDuckGo: Plum Fruit Explanation at Jamison Brown blog,https://storage.googleapis.com/drwefhrysrvtie/plum-fruit-explanation.html,https://insanelygoodrecipes.com/wp-content/uploads/2022/10/Fresh-Organic-Purple-Plums-1024x1024.jpg,generic
057-plum-fruit.jpg,אוגדן,שזיפים,ddg-a9e4e627a0d7,DuckDuckGo: Premium Photo | Plum fruit watercolor painting,https://www.freepik.com/premium-ai-image/plum-fruit-watercolor-painting_157530565.htm,https://img.freepik.com/premium-photo/plum-fruit-watercolor-painting_742608-1782.jpg?w=2000,generic
057-plum-fruit.jpg,אוגדן,שזיפים,ddg-85387c4e2629,DuckDuckGo: Plum Family Fruit _ What Is A Plum - XUZBE,https://tchospital.org/plum-family-fruit-what-is-a-plum/,https://www.thefruitfields.co.uk/wp-content/uploads/2020/05/Plums-01.jpg,generic
057-plum-fruit.jpg,אוגדן,שזיפים,ddg-25dace51f0ff,"DuckDuckGo: Still Life HD, Honey, Apple, Fruit, Plum, HD Wallpaper | Rare Gallery",https://rare-gallery.com/28386-still-life-hd-wallpaperapple-honey-fruit-plum.html,https://rare-gallery.com/mocahbig/26458-FruitPlum-HD-Wallpaper.jpg,generic
058-plum-fruit.jpg,המושל (מאוחר),שזיפים,ddg-d815578a4440,DuckDuckGo: Premium PSD | Plum fruit isolated on transparent background,https://www.freepik.com/premium-psd/plum-fruit-isolated-transparent-background_88332516.htm,https://img.freepik.com/premium-psd/plum-fruit-isolated-transparent-background_191095-15144.jpg?w=2000,generic
058-plum-fruit.jpg,המושל (מאוחר),שזיפים,ddg-427350e4e376,DuckDuckGo: Plum Fruit 10 Reasons To Love Plum Fruit,https://www.fruitsaladdaily.com/plum-fruit/,https://www.fruitsaladdaily.com/wp-content/uploads/2025/10/Plum-Fruit.jpeg,generic
058-plum-fruit.jpg,המושל (מאוחר),שזיפים,ddg-4a9ec3e8fca9,"DuckDuckGo: Ripe plums, prunes with few leaves. Selective focus, shallow depth of ...",https://www.vecteezy.com/photo/14563072-ripe-plums-prunes-with-few-leaves-selective-focus-shallow-depth-of-field-close-up-of-fresh-plums-top-view-photo-of-edible-fruit-plum-texture-background-of-fresh-blue-plums-fruit-product-image,https://static.vecteezy.com/system/resources/previews/014/563/072/large_2x/ripe-plums-prunes-with-few-leaves-selective-focus-shallow-depth-of-field-close-up-of-fresh-plums-top-view-of-edible-fruit-plum-texture-background-of-fresh-blue-plums-fruit-product-image-photo.jpg,generic
058-plum-fruit.jpg,המושל (מאוחר),שזיפים,ddg-0e29c43fc34e,DuckDuckGo: Premium AI Image | Plums plum fruit isolated on a white background,https://www.freepik.com/premium-ai-image/plums-plum-fruit-isolated-white-background_60979046.htm,https://img.freepik.com/premium-photo/plums-plum-fruit-isolated-white-background_1000714-337.jpg?w=2000,generic
059-apricot-fruit.jpg,בלדי,משמשים,ddg-0c4770ac3db0,DuckDuckGo: 17 Impressive Benefits Of Apricot - The Nutrient-Rich Fruit Everyone's ...,https://www.stylecraze.com/articles/benefits-of-apricots-for-skin-hair-and-health/,https://www.stylecraze.com/wp-content/uploads/2013/09/17-Impressive-Benefits-Of-Apricot-%E2%80%93-The-Nutrient-Rich-Fruit-Everyones-Talking-About.jpg,generic
059-apricot-fruit.jpg,בלדי,משמשים,ddg-86c7251a854c,DuckDuckGo: Apricot Fruit Pronunciation at Kelly Levy blog,https://storage.googleapis.com/dcbuocezhgabde/apricot-fruit-pronunciation.html,https://www.healthbenefitstimes.com/9/gallery/apricot/Apricot-fruit.jpg,generic
059-apricot-fruit.jpg,בלדי,משמשים,ddg-ea0e1cd7127b,DuckDuckGo: Download Fruit Food Apricot HD Wallpaper | 2000x1500 | Wallpaper Abyss,https://wall.alphacoders.com/big.php?i=1083658,https://images.alphacoders.com/108/thumb-1920-1083658.jpg,generic
059-apricot-fruit.jpg,בלדי,משמשים,ddg-b60367f67b9c,DuckDuckGo: Apricot Images Fruit at Grant Schaefer blog,https://storage.googleapis.com/ddnletdqvvpuie/apricot-images-fruit.html,https://images5.alphacoders.com/654/654063.jpg,generic
060-apricot-fruit.jpg,רעננה,משמשים,ddg-21c5e62b0170,"DuckDuckGo: Apricot Fruits Image Isolated White Background, Apricot Fruit, Apricot ...",https://pngtree.com/freepng/apricot-fruits-image-isolated-white-background_15935048.html,https://png.pngtree.com/png-clipart/20240905/original/pngtree-apricot-fruits-image-isolated-white-background-png-image_15935048.png,generic
060-apricot-fruit.jpg,רעננה,משמשים,ddg-5566f793d918,"DuckDuckGo: Apricot Fruit, Transparent Visual, Digital Asset PNG",https://www.pngplay.com/image/68924,https://www.pngplay.com/wp-content/uploads/4/Apricot-Transparent-PNG.png,generic
060-apricot-fruit.jpg,רעננה,משמשים,ddg-b8e5db7ddfd8,DuckDuckGo: Apricot Fruit Images at Mary Jorgenson blog,https://storage.googleapis.com/dviwkbnoemvgze/apricot-fruit-images.html,https://www.nature-and-garden.com/wp-content/uploads/sites/4/2023/01/planting-apricot-tree.jpg,generic
060-apricot-fruit.jpg,רעננה,משמשים,ddg-040bc24163cf,DuckDuckGo: Apricot Trees For Sale Online - PlantNet Australia,https://plantnet.com.au/category/fruit-trees/apricots/,https://plantnet.com.au/wp-content/uploads/plantnet-category-apricots.jpg,generic
061-apricot-fruit.jpg,פוליפונזי (מאוחר),משמשים,ddg-21c5e62b0170,"DuckDuckGo: Apricot Fruits Image Isolated White Background, Apricot Fruit, Apricot ...",https://pngtree.com/freepng/apricot-fruits-image-isolated-white-background_15935048.html,https://png.pngtree.com/png-clipart/20240905/original/pngtree-apricot-fruits-image-isolated-white-background-png-image_15935048.png,generic
061-apricot-fruit.jpg,פוליפונזי (מאוחר),משמשים,ddg-5566f793d918,"DuckDuckGo: Apricot Fruit, Transparent Visual, Digital Asset PNG",https://www.pngplay.com/image/68924,https://www.pngplay.com/wp-content/uploads/4/Apricot-Transparent-PNG.png,generic
061-apricot-fruit.jpg,פוליפונזי (מאוחר),משמשים,ddg-b8e5db7ddfd8,DuckDuckGo: Apricot Fruit Images at Mary Jorgenson blog,https://storage.googleapis.com/dviwkbnoemvgze/apricot-fruit-images.html,https://www.nature-and-garden.com/wp-content/uploads/sites/4/2023/01/planting-apricot-tree.jpg,generic
061-apricot-fruit.jpg,פוליפונזי (מאוחר),משמשים,ddg-040bc24163cf,DuckDuckGo: Apricot Trees For Sale Online - PlantNet Australia,https://plantnet.com.au/category/fruit-trees/apricots/,https://plantnet.com.au/wp-content/uploads/plantnet-category-apricots.jpg,generic
062-pear-fruit.jpg,אגס בלדי,אגסים,ddg-3931211554fd,DuckDuckGo: Pear Fruit Wallpaper,https://qaqooking.wiki/all/how-to/pear-fruit-wallpaper,https://wallpapers.com/images/hd/pear-fruit-two-slices-elcsz3jx2gasxgsa.jpg,generic
062-pear-fruit.jpg,אגס בלדי,אגסים,ddg-694596d8c63a,DuckDuckGo: Coscia pear | fruit | Britannica,https://www.britannica.com/plant/Coscia,https://cdn.britannica.com/05/187205-050-A7EA39D0/Pear-fruit-tree-Pears.jpg,generic
062-pear-fruit.jpg,אגס בלדי,אגסים,ddg-c8538218e29c,"DuckDuckGo: Download ""Sliced Pear on a White Background"" Wallpaper | Wallpapers.com",https://wallpapers.com/wallpapers/pear-fruit-slice-9s4efuxok68f37fz.html,https://wallpapers.com/images/hd/pear-fruit-slice-9s4efuxok68f37fz.jpg,generic
062-pear-fruit.jpg,אגס בלדי,אגסים,ddg-9692010e00ac,DuckDuckGo: Green pear fruit with half isolated on white background with full depth ...,https://www.alamy.com/green-pear-fruit-with-half-isolated-on-white-background-with-full-depth-of-field-image473917308.html,https://c8.alamy.com/comp/2JF0PA4/green-pear-fruit-with-half-isolated-on-white-background-with-full-depth-of-field-2JF0PA4.jpg,generic
063-nashi-asian-pear.jpg,נאשי (אגס אסייתי),אגסים,ddg-d8cb296034a6,DuckDuckGo: Nashi (Asian Pear): A Sweet Taste of Fall - Chef JA Cooks,https://chefjacooks.com/en/nashi-asian-pear/,https://chefjacooks.com/wp-content/uploads/2025/09/nashi-asian-pear-2.jpg,generic
063-nashi-asian-pear.jpg,נאשי (אגס אסייתי),אגסים,ddg-0b562e4fdb62,DuckDuckGo: Nashi (Asian Pear): A Sweet Taste of Fall - Chef JA Cooks,https://chefjacooks.com/en/nashi-asian-pear/,https://chefjacooks.com/wp-content/uploads/2025/09/nashi-asian-pear-1.jpg,generic
063-nashi-asian-pear.jpg,נאשי (אגס אסייתי),אגסים,ddg-7ee923621a0a,DuckDuckGo: Nashi (Asian Pear): A Sweet Taste of Fall - Chef JA Cooks,https://chefjacooks.com/en/nashi-asian-pear/,https://chefjacooks.com/wp-content/uploads/2025/09/nashi-asian-pear-square.jpg,generic
063-nashi-asian-pear.jpg,נאשי (אגס אסייתי),אגסים,ddg-a1ea1a1939a7,DuckDuckGo: Ripe Nashi Pear Fruits on the Tree Stock Image - Image of pyrifolia ...,https://www.dreamstime.com/ripe-nashi-pear-fruits-tree-ripe-asian-pear-nashi-pyrus-pyrifolia-fruits-tree-nashi-pear-produces-very-juicy-image345857891,https://thumbs.dreamstime.com/b/ripe-nashi-pear-fruits-tree-ripe-asian-pear-nashi-pyrus-pyrifolia-fruits-tree-nashi-pear-produces-very-juicy-345857891.jpg?w=992,generic
064-white-fig.jpg,תאנה לבנה,תאנים,ddg-b17b5782fb0c,"DuckDuckGo: FigBid - Online Auctions of Fig Trees, Fig Cuttings & Growing Supplies ...",https://figbid.com/Listing/Details/74949935/White-Triana-Fig-Golden-Honey-Flavor-OldWorld-Spanish-Cultivar,https://figbidimages.blob.core.windows.net/assets/media/65faea38-0852-44a2-9e87-22b2a4733fce_largesize.jpg,generic
064-white-fig.jpg,תאנה לבנה,תאנים,ddg-3a8ece0cfcc0,DuckDuckGo: WHITE GENOA FIG | Shop Online Fig Trees!,https://onlinefigtrees.com/products/white-genoa-fig,http://onlinefigtrees.com/cdn/shop/files/White_Genoa_Fig_Tree.webp?v=1757935401,generic
064-white-fig.jpg,תאנה לבנה,תאנים,ddg-58b5c56b28bf,"DuckDuckGo: Brooklyn Italian White Fig - Cuttings, Honey-sweet, Jelly-like Figs ...",https://www.etsy.com/listing/1819851459/brooklyn-italian-white-fig-cuttings,https://i.etsystatic.com/48208866/r/il/7f037c/6447597595/il_1080xN.6447597595_i1dw.jpg,generic
064-white-fig.jpg,תאנה לבנה,תאנים,ddg-30f802b8dac2,DuckDuckGo: Light/White figs | The Fig Hunter 2/2,https://www.thefighunter.shop/light-white-figs?page=2,"https://static.wixstatic.com/media/12dd02_5a4cab20bb11454281c9f005c140f89c~mv2.jpeg/v1/fill/w_768,h_1024,al_c,q_85,enc_auto/12dd02_5a4cab20bb11454281c9f005c140f89c~mv2.jpeg",generic
065-fig-fruit.jpg,תאנה קפריסאית,תאנים,ddg-5f7359c5c23a,DuckDuckGo: Fig Fruit Wallpapers - Wallpaper Cave,https://wallpapercave.com/fig-fruit-wallpapers,https://wallpapercave.com/wp/wp11456110.jpg,generic
065-fig-fruit.jpg,תאנה קפריסאית,תאנים,ddg-20eb91a00498,DuckDuckGo: Is A Fig A Fruit : How are Figs Pollinated? [6 Steps of Fig Pollination ...,https://caq.intapalum.com/is-a-fig-a-fruit-how-are-figs-pollinated-6-steps-of-fig-pollination/,https://jooinn.com/images/fig-fruit-1.jpg,generic
065-fig-fruit.jpg,תאנה קפריסאית,תאנים,ddg-b4fa2b387ab5,DuckDuckGo: How To Get Your Fig Tree To Produce Fruit at Irene Troyer blog,https://storage.googleapis.com/dadihxzcnwyfie/how-to-get-your-fig-tree-to-produce-fruit.html,http://www.allotment-garden.org/wp-content/uploads/2016/02/figs.jpg,generic
065-fig-fruit.jpg,תאנה קפריסאית,תאנים,ddg-8dfaf84dd1f7,DuckDuckGo: Download Fruit Food Fig HD Wallpaper,https://wall.alphacoders.com/big.php?i=860878,https://images2.alphacoders.com/860/860878.jpg,generic
066-purple-fig.jpg,תאנה ברזילאית,תאנים,ddg-fc885f4db681,DuckDuckGo: 5 Gal. LSU Purple Fig Tree FIGLSU05G - The Home Depot,https://www.homedepot.com/p/5-Gal-LSU-Purple-Fig-Tree-FIGLSU05G/327174874,https://images.thdstatic.com/productImages/1a1e14a2-ffc2-45a2-8a1d-8de3c88a4daf/svn/fruit-trees-figlsu05g-64_1000.jpg,generic
066-purple-fig.jpg,תאנה ברזילאית,תאנים,ddg-0352bf529a35,DuckDuckGo: 7 Gal. LSU Purple Fig Tree FIGPUR07G - The Home Depot,https://www.homedepot.com/p/7-Gal-LSU-Purple-Fig-Tree-FIGPUR07G/327174876,https://images.thdstatic.com/productImages/3949bc40-c1c3-405b-8bfa-288f3b557110/svn/fruit-trees-figpur07g-64_1000.jpg,generic
066-purple-fig.jpg,תאנה ברזילאית,תאנים,ddg-92423195726f,DuckDuckGo: Ripe purple figs growing on fig tree branch 71466687 Stock Photo at ...,https://www.vecteezy.com/photo/71466687-ripe-purple-figs-growing-on-fig-tree-branch,https://static.vecteezy.com/system/resources/previews/071/466/687/large_2x/ripe-purple-figs-growing-on-fig-tree-branch-photo.jpg,generic
066-purple-fig.jpg,תאנה ברזילאית,תאנים,ddg-d36a50e7436c,DuckDuckGo: Buy Online LSU Purple Fig Fruit Tree For Your Home And Garden. - Maya ...,https://mayagardensinc.com/products/lsu-purple-fig,https://mayagardensinc.com/cdn/shop/products/PurpleFigfigs-7421496_1920_5e0bfb3e-f2d7-4734-911c-e2f63c1080e4_1024x1024.jpg?v=1694710112,generic
067-fig-fruit.jpg,תאנים A/B/C,תאנים,ddg-c4396fe273af,DuckDuckGo: Fig Fruit Decoration at Linda Redmon blog,https://storage.googleapis.com/dbguvpdvhjkmwe/fig-fruit-decoration.html,https://www.farmersalmanac.com/wp-content/uploads/2020/11/fresh-figs.jpg,generic
067-fig-fruit.jpg,תאנים A/B/C,תאנים,ddg-b7fb26769468,DuckDuckGo: Premium Photo | Close up photo of fresh fruit fig,https://www.freepik.com/premium-photo/close-up-photo-fresh-fruit-fig_91025996.htm,https://img.freepik.com/premium-photo/close-up-photo-fresh-fruit-fig_983093-67.jpg,generic
067-fig-fruit.jpg,תאנים A/B/C,תאנים,ddg-38742837965d,"DuckDuckGo: Organic Fig Fruit, Fresh Figs, Rich Flavor, Vegan Option, Gourmet Fruit PNG",https://www.pngmart.com/image/223593,https://www.pngmart.com/files/15/Organic-Fig-Fruit-Transparent-PNG.png,generic
067-fig-fruit.jpg,תאנים A/B/C,תאנים,ddg-adb4da805da8,DuckDuckGo: Fig Fruit Decoration at Linda Redmon blog,https://storage.googleapis.com/dbguvpdvhjkmwe/fig-fruit-decoration.html,https://www.thespruceeats.com/thmb/b_CVMspT7iRd0XpngTOSXxfgpF0=/2049x1463/filters:no_upscale():max_bytes(150000):strip_icc()/Calimyrna-Figs-579def763df78c32762c6334.jpg,generic
068-jiro-persimmon.jpg,שינשו (מוקדם),אפרסמון,ddg-1becbfb0cc49,"DuckDuckGo: jiro kaki, japanese persimmon on white background Stock Photo - Alamy",https://www.alamy.com/stock-photo-jiro-kaki-japanese-persimmon-on-white-background-87665889.html,https://c8.alamy.com/comp/F2HEMH/jiro-kaki-japanese-persimmon-on-white-background-F2HEMH.jpg,generic
068-jiro-persimmon.jpg,שינשו (מוקדם),אפרסמון,ddg-b67f3931ca3a,DuckDuckGo: Diospyros kaki 'Jiro' (Japanese Persimmon),https://www.gardenia.net/plant/diospyros-kaki-jiro,https://www.gardenia.net/storage/app/public/uploads/images/shutterstock_1222348798Optimized.webp,generic
068-jiro-persimmon.jpg,שינשו (מוקדם),אפרסמון,ddg-8d7ab9532c64,DuckDuckGo: Diospyros kaki ' Jiro ' Dwarf Persimmon Bare-Rooted - Neth Green,https://nethgreen.com.au/product/diospyros-kaki-jiro-dwarf-persimmon-bare-rooted/,https://nethgreen.com.au/wp-content/uploads/2024/08/Dwarf_Jiro_Persimmon_01.jpg,generic
068-jiro-persimmon.jpg,שינשו (מוקדם),אפרסמון,ddg-e190473b3392,DuckDuckGo: Have a question about 5 Gal. Fuyu Jiro Persimmon Tree? - Pg 2 - The ...,https://www.homedepot.com/p/questions/5-Gal-Fuyu-Jiro-Persimmon-Tree-PERJIR05G/315948329/2,https://images.thdstatic.com/productImages/7ecb2311-017b-4b9f-8614-860fecb85f5d/svn/fruit-trees-perjir05g-64_1000.jpg,generic
069-sharon-fruit-persimmon.jpg,סידלס (טריומף),אפרסמון,ddg-789bc900e75c,"DuckDuckGo: persimmon, or sharon fruit Stock Photo - Alamy",https://www.alamy.com/stock-photo-persimmon-or-sharon-fruit-14819367.html,https://c8.alamy.com/comp/AJWRXG/persimmon-or-sharon-fruit-AJWRXG.jpg,generic
069-sharon-fruit-persimmon.jpg,סידלס (טריומף),אפרסמון,ddg-4abe4200c4ab,DuckDuckGo: Persimmon fruit or kaki or sharon fruits hi-res stock photography and ...,https://www.alamy.com/stock-photo/persimmon-fruit-or-kaki-or-sharon-fruits.html,https://c8.alamy.com/comp/DPWBBW/sharon-fruit-persimmon-DPWBBW.jpg,generic
069-sharon-fruit-persimmon.jpg,סידלס (טריומף),אפרסמון,ddg-6b7a7ee6274c,DuckDuckGo: Flavour Diary: Persimmon/Sharon Fruit LASSI,https://flavour-diary.blogspot.com/2015/12/persimmonsharon-fruit-lassi.html,https://4.bp.blogspot.com/-3GTYbAO7GLw/VmgyRWFaiLI/AAAAAAAABr0/SBvy2MmH5ws/s1600/1359353496_sharon_fruit.jpg,generic
069-sharon-fruit-persimmon.jpg,סידלס (טריומף),אפרסמון,ddg-96f4309553bd,DuckDuckGo: Persimmon / Sharon Fruit - BeFresh,https://befreshcorp.net/product/persimmon/,https://befreshcorp.net/wp-content/uploads/2017/06/product-packshot-Persimmon.jpg,generic
070-rojo-brillante-persimmon.jpg,רוחו קרמבו,אפרסמון,ddg-025f6013cc22,DuckDuckGo: Buy Diospyros kaki 'Rojo Brillante' - Persimmon with Canarius,https://www.canarius.com/en/plants/diospyros-kaki-rojo-brillante-persimmon.html,https://www.canarius.com/2851-thickbox_default/diospyros-kaki-rojo-brillante-persimmon.jpg,generic
070-rojo-brillante-persimmon.jpg,רוחו קרמבו,אפרסמון,ddg-2148d6555d3d,DuckDuckGo: Buy Organic Rojo Brillante Persimmon Classic (for consumption in a soft ...,https://quieronaranjas.com/gb/buy-organic-persimmons-from-valencia-direct-from-the-farmer/2359-organic-rojo-brillante-persimmon-classic-for-consumption-in-a-soft-state-classic.html,https://quieronaranjas.com/7587-large_default/organic-rojo-brillante-persimmon-classic-for-consumption-in-a-soft-state-classic.jpg,generic
070-rojo-brillante-persimmon.jpg,רוחו קרמבו,אפרסמון,ddg-ab620601254f,DuckDuckGo: Red Persimmon - Rojo Brillante - 5 Fruit Seeds - Floral Treasure,https://www.floraltreasure.in/products/red-persimmon-rojo-brillante-5-fruit,http://www.floraltreasure.in/cdn/shop/files/2022-1104-0060_Diospyros_Nikitas_Gift-save4web.jpg?v=1753345237,generic
070-rojo-brillante-persimmon.jpg,רוחו קרמבו,אפרסמון,ddg-a0544c7be48a,DuckDuckGo: Japanese persimmon Rojo Brillante PVNA - 3 ltr.,http://exoticplantsbg.com/product/902/japanese-persimmon-rojo-brillante-pvna-3-ltr.html,http://exoticplantsbg.com/userfiles/productimages/product_1467.jpg,generic
071-red-table-grapes.jpg,עין ורד,גפנים,ddg-0517cce13657,DuckDuckGo: Multiple Factors Affect Berry Color and Firmness in Red Table Grapes ...,https://grapeandwinemag.com/2024/05/02/multiple-factors-affect-berry-color-and-firmness-in-red-table-grapes/,https://grapeandwinemag.com/wp-content/uploads/2024/04/2-2-2-red-table-grapes-by-Tian-Tian-UCCE.jpg,generic
071-red-table-grapes.jpg,עין ורד,גפנים,ddg-3aafb47af72d,DuckDuckGo: Carbs In Red Table Grapes at Christopher Larochelle blog,https://storage.googleapis.com/deeqngdzhbihve/carbs-in-red-table-grapes.html,https://c8.alamy.com/comp/B5BCGD/red-table-grapes-on-the-vine-crocidura-rhoditis-backlit-B5BCGD.jpg,generic
071-red-table-grapes.jpg,עין ורד,גפנים,ddg-8156b2f0c4d7,"DuckDuckGo: Fresh Red Table Grapes, Likely Red Globe, Crimson Seedless, or Flame ...",https://www.dreamstime.com/fresh-red-table-grapes-likely-globe-crimson-seedless-flame-placed-white-background-plump-glossy-ideal-themes-image412709030,https://thumbs.dreamstime.com/b/fresh-red-table-grapes-likely-globe-crimson-seedless-flame-placed-white-background-plump-glossy-ideal-themes-412709030.jpg,generic
071-red-table-grapes.jpg,עין ורד,גפנים,ddg-d4a071b1f7a6,DuckDuckGo: Red Globe table grapes on vine Stock Photo - Alamy,https://www.alamy.com/stock-photo-red-globe-table-grapes-on-vine-122868351.html,https://c8.alamy.com/comp/H3W3RB/red-globe-table-grapes-on-vine-H3W3RB.jpg,generic
072-isabella-grapes.jpg,איזבלה,גפנים,ddg-50a12f130134,DuckDuckGo: Isabella grapes - How to grow & care,https://www.growplants.org/growing/isabella-grape,https://www.growplants.org/wp-content/uploads/2018/05/isabella-grape-3.jpg,generic
072-isabella-grapes.jpg,איזבלה,גפנים,ddg-f6256a555838,DuckDuckGo: Isabella grapes - How to grow & care,https://www.growplants.org/growing/isabella-grape,https://growplants.b-cdn.net/wp-content/uploads/How-to-grow-Isabella-grape.jpg,generic
072-isabella-grapes.jpg,איזבלה,גפנים,ddg-20996a657b69,DuckDuckGo: Isabella Grapes Growing on a Branch in Vineyard Stock Image - Image of ...,https://www.dreamstime.com/stock-photo-isabella-grapes-growing-branch-vineyard-ripe-image59194197,https://thumbs.dreamstime.com/z/isabella-grapes-growing-branch-vineyard-ripe-59194197.jpg,generic
072-isabella-grapes.jpg,איזבלה,גפנים,ddg-48cc750f91c1,DuckDuckGo: A real large bunch and heap of sweet red Isabella grapes isolated Stock ...,https://www.alamy.com/a-real-large-bunch-and-heap-of-sweet-red-isabella-grapes-isolated-image370026301.html,https://c8.alamy.com/comp/2CE0491/a-real-large-bunch-and-heap-of-sweet-red-isabella-grapes-isolated-2CE0491.jpg,generic
073-crimson-seedless-grapes.jpg,קרימזון (מאוחר),גפנים,ddg-cfd3f6f87923,"DuckDuckGo: Free picture: crimson, seedless, grapes, vine",https://pixnio.com/flora-plants/fruits/grapes-fruit-pictures/crimson-seedless-grapes-on-the-vine,https://pixnio.com/free-images/flora-plants/fruits/grapes-fruit-pictures/crimson-seedless-grapes-on-the-vine.jpg,generic
073-crimson-seedless-grapes.jpg,קרימזון (מאוחר),גפנים,ddg-029b32076410,DuckDuckGo: Crimson Seedless Grapes - agrisweets,https://agrisweets.com/crimson-seedless-grapes/,https://agrisweets.com/wp-content/uploads/2021/12/fresh-red-scarlet-royal-seedless-grapes-250-gm-exotic-fruits-390.png,generic
073-crimson-seedless-grapes.jpg,קרימזון (מאוחר),גפנים,ddg-fbb01a5c1f09,DuckDuckGo: Red Crimson Seedless Grapes - Direct Agri,https://direct-agri.com/red-crimson-seedless-grapes/,https://direct-agri.com/wp-content/uploads/2025/12/Red-Crimson-Seedless-Grapes-2.jpg,generic
073-crimson-seedless-grapes.jpg,קרימזון (מאוחר),גפנים,ddg-f5aa7bc62d45,DuckDuckGo: Crimson Seedless Grapes - agrisweets,https://agrisweets.com/crimson-seedless-grapes/,https://agrisweets.com/wp-content/uploads/2020/10/Crimson-Seedless-Grapes.jpeg,generic
074-loquat-fruit.jpg,שסק,שסק,ddg-4d5df056346b,DuckDuckGo: Loquat Tree Information - Growing And Caring For A Loquat Tree ...,https://www.gardeningknowhow.com/edible/fruits/loquat/growing-loquat-fruit.htm,https://cdn.mos.cms.futurecdn.net/umfqNbsZhTegd7szoz3SX5.jpg,generic
074-loquat-fruit.jpg,שסק,שסק,ddg-4acbce1c8da9,DuckDuckGo: How to Grow and Care for Loquat Trees | Gardener's Path,https://gardenerspath.com/plants/fruit/grow-loquat/,https://gardenerspath.com/wp-content/uploads/2023/05/Ripe-Loquats-Ready-for-Harvest-1024x683.jpg,generic
074-loquat-fruit.jpg,שסק,שסק,ddg-03ea5a7717f1,DuckDuckGo: Fruit Plant Loquat at Sebastian Belbin blog,https://storage.googleapis.com/drlnlitwsrlfce/fruit-plant-loquat.html,https://cdn.britannica.com/65/219365-050-BBF68075/Loquat-Seeds-Fruit-Leaves.jpg,generic
074-loquat-fruit.jpg,שסק,שסק,ddg-79b114003940,"DuckDuckGo: Loquat | Definition, Fruit, History, Cultivation, Nutrition, & Facts ...",https://www.britannica.com/plant/loquat,https://cdn.britannica.com/93/10193-050-6EA4B6C4/Loquat.jpg,generic
075-cherry-plum.jpg,גודגדן,גודגדן / דובדבן,ddg-051cf6a3d3cf,DuckDuckGo: Are Cherry Plum Blossoms Edible at Joseph Heil blog,https://storage.googleapis.com/drilvpknypxfwe/are-cherry-plum-blossoms-edible.html,https://m.media-amazon.com/images/I/71q6KA-SmOL.jpg,generic
075-cherry-plum.jpg,גודגדן,גודגדן / דובדבן,ddg-ef7af64af626,DuckDuckGo: Cherry Plum Tree at Eric Hutchinson blog,https://storage.googleapis.com/ddkcfxfjerntze/cherry-plum-tree.html,https://c8.alamy.com/comp/EBT2BD/cherry-plum-myrobalan-plum-prunus-cerasifera-cherry-plums-on-a-tree-EBT2BD.jpg,generic
075-cherry-plum.jpg,גודגדן,גודגדן / דובדבן,ddg-3606a758d5d1,DuckDuckGo: Types Of Cherry Plum Trees at Charlie Garon blog,https://storage.googleapis.com/dmsmwzfgbakole/types-of-cherry-plum-trees.html,https://www.woodlandtrust.org.uk/media/4000/plum-cherry-fruit-alamy-ebt2c8-blickwinkel.jpg,generic
075-cherry-plum.jpg,גודגדן,גודגדן / דובדבן,ddg-d90acfeb00d8,DuckDuckGo: Manor Cherry-Plum | Hardy Fruit Tree Nursery,https://www.hardyfruittrees.ca/produit/plum-tree/manor-cherry-plum/,https://www.hardyfruittrees.ca/app/uploads/2021/09/prune-cerise-manor-cherry-plum-f3.jpg,generic
076-sweet-cherry.jpg,דובדבן,גודגדן / דובדבן,ddg-e0964a063afb,"DuckDuckGo: Sweet cherry | Description, Cultivation, Nutrition, Cyanide, & Facts ...",https://www.britannica.com/plant/sweet-cherry,https://cdn.britannica.com/13/118213-050-7876FA19/Sweet-cherry.jpg,generic
076-sweet-cherry.jpg,דובדבן,גודגדן / דובדבן,ddg-02c1b2343aa4,"DuckDuckGo: Sweet cherry stock image. Image of sweet, white, isolated - 44064787",https://www.dreamstime.com/stock-photo-sweet-cherry-ripe-closeup-image44064787,https://thumbs.dreamstime.com/z/sweet-cherry-ripe-closeup-44064787.jpg,generic
076-sweet-cherry.jpg,דובדבן,גודגדן / דובדבן,ddg-5fbcc52656ea,DuckDuckGo: Growing Cold-Hardy Sweet Cherries: The Kristen Cherry Tree,https://www.yankeedirt.com/blog/growing-cold-hardy-sweet-cherries-is-the-kristen-cherry-tree-viable/,https://www.yankeedirt.com/wp-content/uploads/2021/02/cherries-3477543_1280-e1613938426852.jpg,generic
076-sweet-cherry.jpg,דובדבן,גודגדן / דובדבן,ddg-2ba9be5d0344,DuckDuckGo: Dark Sweet Cherry,https://www.daganghalal.com/Product/dark_sweet_cherry_48411,https://daganghalal.blob.core.windows.net/41623/Product/1000x1000__4darksweetcherry-1670571425965.jpg,generic
077-green-almonds.jpg,שקד ירוק / רך,שקדים,ddg-b139855b99ba,DuckDuckGo: Green Almond Stages - Green Almonds,https://greenalmonds.com/green-almond-stages/,https://greenalmonds.com/wp-content/uploads/2021/05/green-almonds-stage-1.1-1024x1024.jpg,generic
077-green-almonds.jpg,שקד ירוק / רך,שקדים,ddg-592c24eee0ba,DuckDuckGo: Green Almonds - PETIT WORLD CITIZEN,https://petitworldcitizen.com/2015/04/05/green-almonds/,https://petitworldcitizen.com/wp-content/uploads/2015/04/img_2250.jpg?w=1566,generic
077-green-almonds.jpg,שקד ירוק / רך,שקדים,ddg-9dd94e2f2d67,"DuckDuckGo: Green Almonds Benefits: 18 Ways To Boost Health, Skin And Hair",https://www.stylecraze.com/articles/benefits-of-green-almonds-for-skin-hair-and-health/,https://cdn2.stylecraze.com/wp-content/uploads/2013/09/2329-18-Best-Benefits-Of-Green-Almonds-For-Skin-Hair-And-Health-is.jpg.webp,generic
077-green-almonds.jpg,שקד ירוק / רך,שקדים,ddg-d507a31a8ea4,DuckDuckGo: Organic Green Almonds - Frog Hollow Farm,https://www.froghollow.com/products/organic-green-almonds,https://cdn.shopify.com/s/files/1/0079/1972/products/green-almonds-product-photos-1_2048x.jpg?v=1655505040,generic
078-almonds.jpg,שקד יבש,שקדים,ddg-e381cd511b69,DuckDuckGo: 13 Potential Health Benefits of Almonds,https://sohago.com/blog/13-potential-health-benefits-of-almonds/,https://sohago.com/blog/wp-content/uploads/2023/05/Almonds.jpg,generic
078-almonds.jpg,שקד יבש,שקדים,ddg-d736c8048d93,"DuckDuckGo: Types Of Almonds, Explained",https://www.tastingtable.com/1679661/types-almonds-explained/,https://www.tastingtable.com/img/gallery/24-types-of-almonds-explained/l-intro-1728388094.jpg,generic
078-almonds.jpg,שקד יבש,שקדים,ddg-e3a10390e9e2,DuckDuckGo: Raw Almonds The Ultimate Guide to Boosting Your Health,https://nutsoasis.co.uk/blogs/blog/raw-almonds,http://nutsoasis.co.uk/cdn/shop/articles/Fibre_and_Raw_Almonds_Shield_b9626382-e484-495c-9b9a-07bc14030d7c.webp?v=1748547130&width=2048,generic
078-almonds.jpg,שקד יבש,שקדים,ddg-4e0b7fb21a38,DuckDuckGo: Are Almonds Keto? Nutritional Insights and More,https://www.ieatketo.com/are-almonds-keto/,https://www.ieatketo.com/wp-content/uploads/2023/10/are-almonds-keto-nutritional-insights-and-morefe1f.jpg,generic
079-cape-fear-pecan.jpg,פקאן קפפר,פקאן,ddg-ccf162d3fbc0,DuckDuckGo: Cape Fear Pecan Tree for Sale | Buy Pecan Tree Online | Perfect Plants,https://myperfectplants.com/products/cape-fear-pecan-tree-type-1-pollinator,https://myperfectplants.com/cdn/shop/files/desirablepecan_3_3d6233a4-4776-4a34-8ebe-7cf762ac6af3_1800x1800.jpg?v=1699992546,generic
079-cape-fear-pecan.jpg,פקאן קפפר,פקאן,ddg-cd52013681cc,DuckDuckGo: Carya illinoinensis 'Cape Fear' ~ Cape Fear Pecan - ServeScape,https://servescape.com/products/carya-illinoinensis-cape-fear-cape-fear-pecan,http://servescape.com/cdn/shop/files/download_2_454a8313-8d61-4561-8151-fd70f56e8492.jpg?v=1722650181,generic
079-cape-fear-pecan.jpg,פקאן קפפר,פקאן,ddg-c14cc2b36fe7,DuckDuckGo: Pecan Cape Fear Grafted (A) Fruit Tree - Buy Now! - Ladybird Nursery,https://ladybirdnursery.com.au/products/pecan-cape-fear-grafted-a,https://ladybirdnursery.com.au/cdn/shop/files/Pecan-Cape-Fear-A-SP-1st_6c1a01a3-3e37-4112-b46e-cdcbcc888085.jpg?v=1765375395&width=640,generic
079-cape-fear-pecan.jpg,פקאן קפפר,פקאן,ddg-0b8ad854c802,DuckDuckGo: Cape Fear Pecan - Texas Pecan Nursery,https://www.texaspecannursery.com/product/cape-fear-pecan/,https://www.texaspecannursery.com/wp-content/uploads/2019/07/118915-1-400x400.jpg,generic
080-apache-pecan.jpg,פקאן אפאצ׳י,פקאן,ddg-feb44a8d67e7,DuckDuckGo: Pecan Apache Tree - Carya illinoinensis,https://www.daleysfruit.com.au/buy/pecan-apache-tree.htm,https://plant.daleysfruit.com.au/trees/m/Pecan-Apache-B--505.jpeg,generic
080-apache-pecan.jpg,פקאן אפאצ׳י,פקאן,ddg-e694cd1f326c,"DuckDuckGo: Noce pecan ""Apache"" - Cultivar produttiva e precoce",https://www.venditapianteonline.it/shop/noce-pecan-apache/,https://www.venditapianteonline.it/wp-content/uploads/2025/10/Noce-pecan-Apache-1-1.jpg,generic
080-apache-pecan.jpg,פקאן אפאצ׳י,פקאן,ddg-f67c3e1ca2b2,DuckDuckGo: Photos: Pecan - Apache (B),https://www.daleysfruit.com.au/photo/buy/pecan-apache-tree.htm,https://plant.daleysfruit.com.au/trees/m/Pecan-Apache-B--2480.jpeg,generic
080-apache-pecan.jpg,פקאן אפאצ׳י,פקאן,ddg-d232bf16b063,DuckDuckGo: Pecan Apache Tree - Carya illinoinensis,https://www.daleysfruit.com.au/buy/pecan-apache-tree.htm,https://plant.daleysfruit.com.au/ml/pecan-apache-b-1193.jpg,generic
081-choctaw-pecan.jpg,פקאן צ׳וקטו,פקאן,ddg-ccecb48e4385,DuckDuckGo: PECAN choctaw - Covingtons,https://www.covingtonnursery.com/product/pecan-choctaw/,https://www.covingtonnursery.com/productimages/931600.jpg,generic
081-choctaw-pecan.jpg,פקאן צ׳וקטו,פקאן,ddg-093d54c73984,DuckDuckGo: Choctaw Pecan - Texas Pecan Nursery,https://www.texaspecannursery.com/product/choctaw-pecan/,https://www.texaspecannursery.com/wp-content/uploads/2019/07/108085-1.jpg,generic
081-choctaw-pecan.jpg,פקאן צ׳וקטו,פקאן,ddg-5975d156b3ad,DuckDuckGo: Choctaw pecan halves - 1 lb. Larger kernel with a stronger pecan flavor ...,https://www.georgetownpecans.com/product-page/choctaw-pecan-halves-1-pouind,"https://static.wixstatic.com/media/d7355e_08fc9962c10d4b0db9f750d22bdf706d~mv2.jpg/v1/fill/w_980,h_735,al_c,q_85,usm_0.66_1.00_0.01,enc_avif,quality_auto/d7355e_08fc9962c10d4b0db9f750d22bdf706d~mv2.jpg",generic
081-choctaw-pecan.jpg,פקאן צ׳וקטו,פקאן,ddg-d574a488fbbf,DuckDuckGo: Choctaw Pecan | Star Nursery Garden and Rock Centers,https://www.starnursery.com/product/choctaw-pecan/,https://www.starnursery.com/wp-content/uploads/2018/09/choctawPecan1.jpg,generic
082-mohawk-pecan.jpg,פקאן מהן / מוהוק,פקאן,ddg-c1634dad8bb6,"DuckDuckGo: Mohawk Morena Bluffs Sunbathed Pecan 8"" x 54"" Laminate",https://www.nfm.com/mohawk-morena-bluffs-sunbathed-pecan-8-x-54-laminate-5880796/5880796.html?pview=PDP,https://www.nfm.com/dw/image/v2/BDFM_PRD/on/demandware.static/-/Sites-nfm-master-catalog/default/dw01b140d9/images/005/88/5880796-5.jpg?sw=1000&sh=1000&sm=fit,generic
082-mohawk-pecan.jpg,פקאן מהן / מוהוק,פקאן,ddg-e1aa23d993ba,"DuckDuckGo: Mohawk Morena Bluffs Sunbathed Pecan 8"" x 54"" Laminate",https://www.nfm.com/mohawk-morena-bluffs-sunbathed-pecan-8-x-54-laminate-5880796/5880796.html?pview=PDP,https://www.nfm.com/dw/image/v2/BDFM_PRD/on/demandware.static/-/Sites-nfm-master-catalog/default/dwd2043899/images/005/88/5880796-3.jpg?sw=1000&sh=1000&sm=fit,generic
082-mohawk-pecan.jpg,פקאן מהן / מוהוק,פקאן,ddg-07a23b747957,"DuckDuckGo: Mohawk Morena Bluffs Cattail Pecan 8"" x 54"" Laminate",https://www.nfm.com/mohawk-morena-bluffs-cattail-pecan-8-x-54-laminate-5880804/5880804.html?pview=PDP,https://www.nfm.com/dw/image/v2/BDFM_PRD/on/demandware.static/-/Sites-nfm-master-catalog/default/dwe28e4ada/images/005/88/5880804-4.jpg?sw=1000&sh=1000&sm=fit,generic
082-mohawk-pecan.jpg,פקאן מהן / מוהוק,פקאן,ddg-23b01cb8587e,DuckDuckGo: Mohawk RevWood Premier Morena Bluffs Sunbathed Pecan | OnFlooring,https://onflooring.com/products/laminate-flooring/mohawk-revwood-premier-morena-bluffs-sunbathed-pecan,https://onflooring.com/sites/default/files/styles/uc_product_full/public/products/products/2022/4/33607_02_room_2.jpeg?itok=SARNLuP6,generic
083-macadamia-nuts.jpg,מקדמיה,אגוזים אחרים,ddg-ed9d21c12cbb,DuckDuckGo: Fresh Macadamia Nuts in Shell a Closeup Showcase of Natures Bounty ...,https://www.dreamstime.com/fresh-macadamia-nuts-shell-closeup-showcase-natures-bounty-captured-stunning-detail-premium-captivating-close-up-image368590382,https://thumbs.dreamstime.com/b/fresh-macadamia-nuts-shell-closeup-showcase-natures-bounty-captured-stunning-detail-premium-captivating-close-up-368590382.jpg,generic
083-macadamia-nuts.jpg,מקדמיה,אגוזים אחרים,ddg-a958bcb022a0,DuckDuckGo: Benefits Of Eating Macadamia Nuts - CIFK,https://ok.caffeindicator.com/benefits-of-eating-macadamia-nuts/,https://www.marthastewart.com/thmb/iOR87OfA5wbXW--Wn1wMmk7oGbA=/1500x0/filters:no_upscale():max_bytes(150000):strip_icc()/macadamia-nuts-0522-231eff95615347899fb82ec0d69f87c9.jpg,generic
083-macadamia-nuts.jpg,מקדמיה,אגוזים אחרים,ddg-7fd6ae06464f,DuckDuckGo: Macadamia Nuts: Facts & Health Benefits of Australian's,https://nfcihospitality.com/macadamia-nuts-health-benefits/,https://nilepost.co.ug/nm-intranet-login/wp-content/uploads/2024/10/Macadamia.webp,generic
083-macadamia-nuts.jpg,מקדמיה,אגוזים אחרים,ddg-b02e1f6953f0,"DuckDuckGo: Shop Macadamia Nuts with shell in UAE, Dubai, Sharjah, Ajman, Abu Dhabi",https://mangoes.ae/products/macadamia-nuts-with-shell-uae,https://mangoes.ae/cdn/shop/files/Macadamia-Nuts-with-shell-Dubai-Sharjah-Ajman-Abu-Dhabi-UAE-7.jpg?v=1714306834,generic
084-walnuts.jpg,אגוז מלך,אגוזים אחרים,ddg-597d923e9b7c,DuckDuckGo: Health benefits of walnuts - Harvard Health,https://www.health.harvard.edu/blog/health-benefits-of-walnuts-201808131672,https://domf5oio6qrcr.cloudfront.net/medialibrary/9531/iStock-481114390.jpg,generic
084-walnuts.jpg,אגוז מלך,אגוזים אחרים,ddg-01ebefab4929,DuckDuckGo: Walnuts 101: Nutrition Facts and Health Benefits,https://www.healthline.com/nutrition/foods/walnuts,https://post.healthline.com/wp-content/uploads/2020/08/AN378-Walnuts-Hands-732x549-thumb.jpg,generic
084-walnuts.jpg,אגוז מלך,אגוזים אחרים,ddg-9c7ac033232b,DuckDuckGo: What Are Walnuts?,https://www.thespruceeats.com/walnut-storage-and-selection-1807822,https://www.thespruceeats.com/thmb/eBSjJYZioV4G1GEjyHm7jZuilO8=/5760x3840/filters:no_upscale():max_bytes(150000):strip_icc()/walnuts-in-a-bowl--626549496-3201183764cb4d94859f9aa5161e64b7.jpg,generic
084-walnuts.jpg,אגוז מלך,אגוזים אחרים,ddg-55aebca39280,DuckDuckGo: Raw Organic Walnuts,https://nwwildfoods.com/products/raw-organic-walnuts,https://nwwildfoods.com/cdn/shop/files/walnuts_raw.jpg?v=1763520661&width=3864,generic
085-california-walnut.jpg,אגוז קליפורניה,אגוזים אחרים,ddg-09d0e409cf3a,DuckDuckGo: Is Walnut California Safe at Phyllis Lee blog,https://storage.googleapis.com/dyltmwwfhlihze/is-walnut-california-safe.html,https://californiaagnet.com/wp-content/uploads/sites/13/2020/09/Walnuts-Harvest-scaled.jpeg,generic
085-california-walnut.jpg,אגוז קליפורניה,אגוזים אחרים,ddg-4d119031118d,DuckDuckGo: How Marketing is Growing the Base of California Walnut Lovers | West ...,https://wcngg.com/2022/04/18/how-marketing-is-growing-the-base-of-california-walnut-lovers/,https://wcngg.com/wp-content/uploads/2022/03/00-Walnut-in-Husk-on-Tree-v2-S.jpg,generic
085-california-walnut.jpg,אגוז קליפורניה,אגוזים אחרים,ddg-92da27e7aabb,DuckDuckGo: California Walnut Los Molinos at Samantha Sternberg blog,https://storage.googleapis.com/dfawzzjlvunhre/california-walnut-los-molinos.html,https://cdn.freshfruitportal.com/2023/10/JkKaTvt2-Walnut-Farm1-1024x683.jpg,generic
085-california-walnut.jpg,אגוז קליפורניה,אגוזים אחרים,ddg-0f698decf588,DuckDuckGo: Whole California Walnut at ₹ 1300/kg | Whole California Walnut in ...,https://www.indiamart.com/proddetail/whole-california-walnut-2855886733791.html,https://5.imimg.com/data5/SELLER/Default/2025/3/493385449/KZ/PD/NM/94458842/whole-california-walnut-1000x1000.jpg,generic
086-black-walnut.jpg,אגוז שחור,אגוזים אחרים,ddg-48bb44050559,"DuckDuckGo: Black walnut | Description, Tree, Wood, Nut, & Facts | Britannica",https://www.britannica.com/plant/black-walnut,https://cdn.britannica.com/33/118233-050-37F4788C/walnut.jpg,generic
086-black-walnut.jpg,אגוז שחור,אגוזים אחרים,ddg-30242719aee4,"DuckDuckGo: Black Walnut: 20 Benefits, Side Effects & How to Eat Them",https://myhealthopedia.com/black-walnut-nutrition-benefits-side-effects/,https://myhealthopedia.com/wp-content/uploads/2026/04/Black-Walnut.jpeg,generic
086-black-walnut.jpg,אגוז שחור,אגוזים אחרים,ddg-7f5574549054,DuckDuckGo: Black Walnut | Johnson's Nursery | KB,https://kb.jniplants.com/black-walnut-juglans-nigra,https://kb.jniplants.com/wp-content/uploads/2021/07/black-walnut-juglas-nigra-wisconsin-native-tree-ftimg.jpg,generic
086-black-walnut.jpg,אגוז שחור,אגוזים אחרים,ddg-c3ed7413ca63,DuckDuckGo: How to Grow Black Walnut Trees - Mother Earth News,https://www.motherearthnews.com/organic-gardening/black-walnut-trees-zmaz81mazraw,http://ogden_images.s3.amazonaws.com/www.motherearthnews.com/images/1981/03/05114823/How-to-Grow-Black-Walnut-Trees-1.jpg,generic
087-pistachio-nuts.jpg,אלת פיסטוק,אגוזים אחרים,ddg-c9ab41d9dbf8,DuckDuckGo: Pistachio - Pistachio Nuts Nutrition Facts & Health Benefits,https://healthjade.net/are-pistachio-nuts-good-for-you/,https://healthjade.com/wp-content/uploads/2018/05/pistachio-nuts.jpg,generic
087-pistachio-nuts.jpg,אלת פיסטוק,אגוזים אחרים,ddg-657c0e06d40b,DuckDuckGo: Pistachio Nuts Definition at Matthew Mendelsohn blog,https://storage.googleapis.com/dibehuzkyguiie/pistachio-nuts-definition.html,https://www.realsimple.com/thmb/fh6xRNkPlQ988xu2V_gNLMBot7I=/1500x0/filters:no_upscale():max_bytes(150000):strip_icc()/pistachio-nuts-2000-ea1ce465ae9243acbeb49a75c3b9e807.jpg,generic
087-pistachio-nuts.jpg,אלת פיסטוק,אגוזים אחרים,ddg-cbf01d25f1e9,DuckDuckGo: Pistachio Nuts: 10 Health Benefits Of Pistachio Nuts,https://www.10faq.com/health/health-benefits-of-pistachio-nuts/,https://www.10faq.com/assets/img/health-benefits-of-pistachio-nuts-01.jpg,generic
087-pistachio-nuts.jpg,אלת פיסטוק,אגוזים אחרים,ddg-64d28cf1a89b,DuckDuckGo: Pistachio Nuts Definition at Matthew Mendelsohn blog,https://storage.googleapis.com/dibehuzkyguiie/pistachio-nuts-definition.html,https://www.bloomandveg.co.uk/wp-content/uploads/2020/05/Pistachios.png,generic
088-chestnuts.jpg,ערמונים,אגוזים אחרים,ddg-9fc3025a42ab,DuckDuckGo: Top view heap of chestnuts. Pile of ripe chestnuts for food background ...,https://www.vecteezy.com/photo/16658005-top-view-heap-of-chestnuts-pile-of-ripe-chestnuts-for-food-background,https://static.vecteezy.com/system/resources/previews/016/658/005/large_2x/top-view-heap-of-chestnuts-pile-of-ripe-chestnuts-for-food-background-free-photo.JPG,generic
088-chestnuts.jpg,ערמונים,אגוזים אחרים,ddg-bd497743995e,DuckDuckGo: Chestnuts: A Michigan tradition makes a comeback,https://www.lansingstatejournal.com/story/life/2016/12/19/chestnuts-michigan-tradition-makes-comeback/95422636/,https://www.gannett-cdn.com/-mm-/dc26cd8ddbe24c76043bbd8caa792d50eb63e1aa/c=0-189-3004-1886/local/-/media/2016/12/14/MIGroup/Lansing/636173260035361510-basket-of-chestnuts.jpg?width=3200&height=1680&fit=crop,generic
088-chestnuts.jpg,ערמונים,אגוזים אחרים,ddg-cb417829c4c5,DuckDuckGo: How to Cook Chestnuts on Stove and in Oven,https://keepupcooking.com/how-to-cook-chestnuts-on-stove-and-in-oven/,https://keepupcooking.com/wp-content/uploads/2024/05/how-to-cook-chestnuts-9-scaled.webp,generic
088-chestnuts.jpg,ערמונים,אגוזים אחרים,ddg-35c593765203,DuckDuckGo: Chestnuts health benefits - prevents diabetes,http://www.homenaturalcures.com/chestnuts-health-benefits/,https://www.homenaturalcures.com/wp-content/uploads/Chestnuts-1.jpg,generic
089-wonderful-pomegranate.jpg,וונדרפול,רימון,ddg-10e3fe52b3aa,DuckDuckGo: Wonderful Pomegranate Tree (Punica granatum 'Wonderful'),https://plantsexpress.com/products/wonderful-pomegranate-multi,https://cdn.shopify.com/s/files/1/0646/1305/6767/products/Wonderful-Pomegranate-Multi-3.jpg?v=1684529468&width=1946,generic
089-wonderful-pomegranate.jpg,וונדרפול,רימון,ddg-bc8c30237686,"DuckDuckGo: POM Wonderful Pomegranate Arils, Ready to Eat Pomegranate Seeds, 4 oz ...",https://www.walmart.com/ip/POM-Wonderful-Pomegranate-Arils-Ready-to-Eat-Pomegranate-Seeds-4-oz/259842087,https://i5.walmartimages.com/seo/POM-Wonderful-Pomegranate-Arils-Ready-to-Eat-Pomegranate-Seeds-4-oz_a266b2cf-b77a-45c0-aa2a-0a3c35cdd234.c6b1e198234376c7489f651ba2f46090.jpeg,generic
089-wonderful-pomegranate.jpg,וונדרפול,רימון,ddg-31e112205d04,DuckDuckGo: Wonderful Pomegranate Trees for Sale at Arbor Day's Online Tree Nursery ...,https://shop.arborday.org/wonderful-pomegranate,https://shop-static.arborday.org/media/0003568_wonderful-pomegranate.png,generic
089-wonderful-pomegranate.jpg,וונדרפול,רימון,ddg-4b926d9fa37d,DuckDuckGo: Wonderful Pomegranate Trees for Sale | BrighterBlooms.com,https://www.brighterblooms.com/products/wonderful-pomegranate,https://cdn.shopify.com/s/files/1/0062/8532/8445/products/Wonderful_Pomegranate_1_BB.jpg?v=1638396720&width=1000,generic
090-pomegranate-fruit.jpg,הרשקוביץ,רימון,ddg-85376072f7fe,DuckDuckGo: Ripe pomegranate fruit and one cut in half isolated on white background ...,https://www.alamy.com/ripe-pomegranate-fruit-and-one-cut-in-half-isolated-on-white-background-clipping-path-full-depth-of-field-image227924697.html,https://c8.alamy.com/comp/R6PT7N/ripe-pomegranate-fruit-and-one-cut-in-half-isolated-on-white-background-clipping-path-full-depth-of-field-R6PT7N.jpg,generic
090-pomegranate-fruit.jpg,הרשקוביץ,רימון,ddg-d3b2c209a5fe,"DuckDuckGo: 1,000+ Free Pomegranate & Fruit Photos - Pixabay",https://pixabay.com/photos/search/pomegranate/?pagi=3,https://cdn.pixabay.com/photo/2021/10/31/15/00/pomegranate-6757729_1280.jpg,generic
090-pomegranate-fruit.jpg,הרשקוביץ,רימון,ddg-8cf5ae1229f6,"DuckDuckGo: Download Pomegranate, Fruit, Food. Royalty-Free Stock Illustration ...",https://pixabay.com/illustrations/pomegranate-fruit-food-organic-8226441/,https://cdn.pixabay.com/photo/2023/09/01/07/44/pomegranate-8226441_1280.jpg,generic
090-pomegranate-fruit.jpg,הרשקוביץ,רימון,ddg-5a45c407b7a6,DuckDuckGo: Close Up Pomegranate Fruit Free Stock Photo - Public Domain Pictures,https://www.publicdomainpictures.net/en/view-image.php?image=532353&picture=close-up-pomegranate-fruit,https://www.publicdomainpictures.net/pictures/540000/velka/close-up-pomegranate-fruit.jpg,generic
091-cherimoya-fruit.jpg,אנונה גפנר,אנונה,ddg-a7d6df2ef15d,DuckDuckGo: Buy NZ Grown Cherimoya Online | Twisted Citrus,https://twistedcitrus.co.nz/product/cherimoya-fruit,https://twistedcitrus.co.nz/images/products/main/fresh-19nz-grown-cherimoya-fruit-online-nz-1.jpg,generic
091-cherimoya-fruit.jpg,אנונה גפנר,אנונה,ddg-0083d93d391d,"DuckDuckGo: Cherimoya, Cherimoya Fruit, Cherimoya Image PNG Transparent Image and ...",https://pngtree.com/freepng/cherimoya_20496809.html,https://png.pngtree.com/png-clipart/20250223/original/pngtree-cherimoya-png-image_20496809.png,generic
091-cherimoya-fruit.jpg,אנונה גפנר,אנונה,ddg-f753d776ef37,DuckDuckGo: Fresh cherimoya fruits annona cherimola and half of fruit isolated on ...,https://www.freepik.com/premium-photo/fresh-cherimoya-fruits-annona-cherimola-half-fruit-isolated-white-background_36487099.htm,https://img.freepik.com/premium-photo/fresh-cherimoya-fruits-annona-cherimola-half-fruit-isolated-white-background_543222-811.jpg?w=740,generic
091-cherimoya-fruit.jpg,אנונה גפנר,אנונה,ddg-2fb61bf4d1ed,"DuckDuckGo: Cherimoya (fruit) : origine, bienfaits et bien le choisir - Alex&Alex",https://www.alexetalex.com/dossiers-fruites/route-des-fruits/cherimoya-cherimole/,https://www.alexetalex.com/wp-content/uploads/2019/10/90159265_s.jpg,generic
092-annona-reticulata-custard-apple.jpg,אנונה אדומה,אנונה,ddg-98a32e78c14d,DuckDuckGo: custard apple (Annona reticulata) - blozem,https://blozem.com/shop/custard-apple-annona-reticulata/,https://blozem.com/wp-content/uploads/2024/08/untitled-design.jpg-2-1.jpeg,generic
092-annona-reticulata-custard-apple.jpg,אנונה אדומה,אנונה,ddg-4ea228f9f1bd,"DuckDuckGo: Annona reticulata, Custard Apple | PlantVine",https://www.plantvine.com/product/annona-reticulata-custard-apple/,https://www.plantvine.com/plants/Custard-Apple-1-scaled.jpg,generic
092-annona-reticulata-custard-apple.jpg,אנונה אדומה,אנונה,ddg-b2dd1ee83756,DuckDuckGo: Custard Apple Fruit Plant (Annona Reticulata) - veliyathgardens,https://veliyathgarden.com/products/custard-apple-fruit-plant-annona-reticulata,https://veliyathgarden.com/cdn/shop/files/Annonareticulata_Veliyathgardens_1445x.jpg?v=1733391642,generic
092-annona-reticulata-custard-apple.jpg,אנונה אדומה,אנונה,ddg-f9fcc629b6fc,DuckDuckGo: Custard Apple. (Annona reticulata) Close up of a prickly fruit and its ...,https://www.alamy.com/custard-apple-annona-reticulata-close-up-of-a-prickly-fruit-and-its-surrounding-foliage-image334682547.html,https://c8.alamy.com/comp/2ACE303/custard-apple-annona-reticulata-close-up-of-a-prickly-fruit-and-its-surrounding-foliage-2ACE303.jpg,generic
093-soursop.jpg,גואנבנה,אנונה,ddg-68ffc7c03b05,DuckDuckGo: Soursop (Guanabana) Lemonade • The Fit Cookie,https://thefitcookie.com/soursop-guanabana-lemonade/,https://thefitcookie.com/wp-content/uploads/2023/04/Soursop-growing-on-a-tree-Depositphotos.jpg,generic
093-soursop.jpg,גואנבנה,אנונה,ddg-dd20523c48cf,DuckDuckGo: Soursop Benefits: Can Graviola Fruit Help Fight Cancer?,https://www.verywellhealth.com/soursop-cancer-5087901,https://www.verywellhealth.com/thmb/4iwHRBAC2UCyAQyR9M8jrFg_Rnk=/2250x1500/filters:no_upscale():max_bytes(150000):strip_icc()/soursop-56ac5f883df78cf772b622d6.jpg,generic
093-soursop.jpg,גואנבנה,אנונה,ddg-9696087b8887,DuckDuckGo: What Does a Soursop Look Like? + Benefits & How to Grow One ...,https://everglades.farm/blogs/news/how-to-identify-soursop-trees,https://cdn.shopify.com/s/files/1/0014/1377/5433/files/Soursop_look_like.png?v=1745013211,generic
093-soursop.jpg,גואנבנה,אנונה,ddg-de0d038264df,DuckDuckGo: Giant Soursop Plant - Arusha / Buy Online NZ / Free Shipping - Exotica NZ,https://exoticanz.com/products/giant-green-soursop-plant,https://exoticanz.com/cdn/shop/products/soursop-or-custard-apple-fruit-isolated-on-white-background.jpg_s_1024x1024_w_is_k_20_c_8XY51FWuI6GBVk5aQurmYyYjt2idpQ8vtMl8XzFq39s_1200x.jpg?v=1673214133,generic
094-lychee-fruit.jpg,ליצ׳י מאוריציוס,ליצ׳י / לונגן,ddg-d1e4fbeaaad4,"DuckDuckGo: Lychee | Description, Tree, Fruit, Taste, & Facts | Britannica",https://www.britannica.com/plant/litchi-fruit,https://cdn.britannica.com/27/218927-050-E99E1D46/Lychee-fruit-tree-plant.jpg,generic
094-lychee-fruit.jpg,ליצ׳י מאוריציוס,ליצ׳י / לונגן,ddg-52e0057d88ef,"DuckDuckGo: Lychee | Description, Tree, Fruit, Taste, & Facts | Britannica",https://www.britannica.com/plant/litchi-fruit,https://cdn.britannica.com/18/176518-050-5AB1E61D/lychee-fruits-Southeast-Asia.jpg,generic
094-lychee-fruit.jpg,ליצ׳י מאוריציוס,ליצ׳י / לונגן,ddg-4a6dd559d36c,DuckDuckGo: Fresh Lychee with Red Skin and White Flesh Stock Illustration ...,https://www.dreamstime.com/fresh-lychee-red-skin-white-flesh-fresh-lychee-fruit-its-red-skin-peeled-off-to-reveal-white-flesh-accompanied-image362855783,https://thumbs.dreamstime.com/b/fresh-lychee-red-skin-white-flesh-fresh-lychee-fruit-its-red-skin-peeled-off-to-reveal-white-flesh-accompanied-362855783.jpg,generic
094-lychee-fruit.jpg,ליצ׳י מאוריציוס,ליצ׳י / לונגן,ddg-566eaa0b9673,DuckDuckGo: Lychee tree full of lychee fruit | Premium Photo,https://www.freepik.com/premium-photo/lychee-tree-full-lychee-fruit_47880108.htm,https://img.freepik.com/premium-photo/lychee-tree-full-lychee-fruit_653449-4076.jpg?w=2000,generic
095-lychee-fruit.jpg,ליצ׳י הונג לונג,ליצ׳י / לונגן,ddg-d1e4fbeaaad4,"DuckDuckGo: Lychee | Description, Tree, Fruit, Taste, & Facts | Britannica",https://www.britannica.com/plant/litchi-fruit,https://cdn.britannica.com/27/218927-050-E99E1D46/Lychee-fruit-tree-plant.jpg,generic
095-lychee-fruit.jpg,ליצ׳י הונג לונג,ליצ׳י / לונגן,ddg-52e0057d88ef,"DuckDuckGo: Lychee | Description, Tree, Fruit, Taste, & Facts | Britannica",https://www.britannica.com/plant/litchi-fruit,https://cdn.britannica.com/18/176518-050-5AB1E61D/lychee-fruits-Southeast-Asia.jpg,generic
095-lychee-fruit.jpg,ליצ׳י הונג לונג,ליצ׳י / לונגן,ddg-566eaa0b9673,DuckDuckGo: Lychee tree full of lychee fruit | Premium Photo,https://www.freepik.com/premium-photo/lychee-tree-full-lychee-fruit_47880108.htm,https://img.freepik.com/premium-photo/lychee-tree-full-lychee-fruit_653449-4076.jpg?w=2000,generic
095-lychee-fruit.jpg,ליצ׳י הונג לונג,ליצ׳י / לונגן,ddg-4a6dd559d36c,DuckDuckGo: Fresh Lychee with Red Skin and White Flesh Stock Illustration ...,https://www.dreamstime.com/fresh-lychee-red-skin-white-flesh-fresh-lychee-fruit-its-red-skin-peeled-off-to-reveal-white-flesh-accompanied-image362855783,https://thumbs.dreamstime.com/b/fresh-lychee-red-skin-white-flesh-fresh-lychee-fruit-its-red-skin-peeled-off-to-reveal-white-flesh-accompanied-362855783.jpg,generic
096-longan-fruit.jpg,לונגן,ליצ׳י / לונגן,ddg-427e1fd6c710,DuckDuckGo: Longan Fruit Health Benefits at Kevin Davidson blog,https://storage.googleapis.com/drxubxpnhsntae/longan-fruit-health-benefits.html,https://draxe.com/wp-content/uploads/2019/12/longan_thumb.jpg,generic
096-longan-fruit.jpg,לונגן,ליצ׳י / לונגן,ddg-95665bf4e390,DuckDuckGo: 13 Incredible Health Benefits Of Longan Fruit - AWBR,https://corlytics.org/13-incredible-health-benefits-of-longan-fruit/,https://thethaiger.com/wp-content/uploads/2023/06/Longan-2.jpg,generic
096-longan-fruit.jpg,לונגן,ליצ׳י / לונגן,ddg-65cea3ac000d,DuckDuckGo: Longan Fruit Season In Hawaii at Anna Kiefer blog,https://storage.googleapis.com/dvhdqxyjlgdfxe/longan-fruit-season-in-hawaii.html,http://3.bp.blogspot.com/-judeD2Eht7M/VgvFlXW3NEI/AAAAAAAABhI/3qBhTnS-8ko/s1600/Longan.jpg,generic
096-longan-fruit.jpg,לונגן,ליצ׳י / לונגן,ddg-dab20fb3f274,DuckDuckGo: Longan Box - Buy Longan online from Miami Fruit,https://miamifruit.org/products/longan-box,https://cdn.shopify.com/s/files/1/1294/9917/products/order_longan_online_chinese_dragon_eye_fruit_2448x.jpg?v=1571681667,generic
097-red-guava.jpg,גויבה ארגמנית,גויבה,ddg-d7eb7d8fa84a,DuckDuckGo: Fresh Red Guava Fruit with Leaf Slices Stock Illustration ...,https://www.dreamstime.com/fresh-red-guava-fruit-leaf-slices-image386898272,https://thumbs.dreamstime.com/b/fresh-red-guava-fruit-leaf-slices-386898272.jpg,generic
097-red-guava.jpg,גויבה ארגמנית,גויבה,ddg-c206780be28c,DuckDuckGo: Miniature Strawberry Guava / Red Guava (Psidium cattleianum) Fruit Liv ...,https://www.hugaplant.com/products/miniature-strawberry-guava-chinese-guava-red-guava-psidium-cattleianum-fruit-live-plant-home-garden,https://hugaplant.com/cdn/shop/products/MAIN_832ff929-54b5-4d8e-8e69-e600fc327a29_1200x.png?v=1675752552,generic
097-red-guava.jpg,גויבה ארגמנית,גויבה,ddg-9abd42ff1685,DuckDuckGo: Thai Pink Guava Seeds: Red Guava Variety - Etsy,https://www.etsy.com/listing/968184961/thai-pink-guava-seeds-red-guava-variety,https://i.etsystatic.com/25481054/r/il/b24579/3388897364/il_1080xN.3388897364_pke5.jpg,generic
097-red-guava.jpg,גויבה ארגמנית,גויבה,ddg-222c94553af4,DuckDuckGo: Premium PSD | Jumbo red guava is a rare water guava plant with sweet ...,https://www.freepik.com/premium-psd/jumbo-red-guava-is-rare-water-guava-plant-with-sweet-dense-tender-fruit-blackish-red-skin-tones_137606409.htm,https://img.freepik.com/premium-psd/jumbo-red-guava-is-rare-water-guava-plant-with-sweet-dense-tender-fruit-blackish-red-skin-tones_176841-85243.jpg?w=2000,generic
098-feijoa-fruit.jpg,גויבה ברזילאית,גויבה,ddg-22cefd56866d,DuckDuckGo: Producing More Feijoa Fruit and Flowers | Growing Guides | Daltons,https://www.daltons.co.nz/gardening-guides/producing-more-feijoa-fruit-and-flowers,https://www.daltons.co.nz/sites/default/files/2020-03/Feijoa%20iS11401019M%20web.jpg,generic
098-feijoa-fruit.jpg,גויבה ברזילאית,גויבה,ddg-31bfd995a195,DuckDuckGo: Feijoa Fruit | NZ Feijoa Growers Association,https://www.feijoa.org.nz/resources/nzfga-image-gallery/feijoa-fruit,https://feijoa.org.nz/assets/NZ-Feijoa-Growers-Association/Image-Galleries/Feijoa-Fruit/Feijoa.jpg,generic
098-feijoa-fruit.jpg,גויבה ברזילאית,גויבה,ddg-c38904e5471e,"DuckDuckGo: Feijoa (Fruit) - Nutrition, Health Benefits, Varieties, Pictures",https://www.onlyfoods.net/feijoa.html,https://www.onlyfoods.net/wp-content/uploads/2011/08/Feijoa-Pictures.jpg,generic
098-feijoa-fruit.jpg,גויבה ברזילאית,גויבה,ddg-b332d13d2be9,DuckDuckGo: Feijoa fruit dish view 12834974 Stock Photo at Vecteezy,https://www.vecteezy.com/photo/12834974-feijoa-fruit-dish-view,https://static.vecteezy.com/system/resources/previews/012/834/974/large_2x/feijoa-fruit-dish-view-free-photo.jpg,generic
099-guava-fruit.jpg,גויבה רגיל,גויבה,ddg-ae8c03927d54,DuckDuckGo: 8 Health Benefits of Guava Fruit and Leaves,https://www.healthline.com/nutrition/8-benefits-of-guavas,https://i0.wp.com/images-prod.healthline.com/hlcmsresource/images/AN_images/benefits-of-guavas-1296x728-feature.jpg?w=1155&h=1528,generic
099-guava-fruit.jpg,גויבה רגיל,גויבה,ddg-cebbaa7f0780,DuckDuckGo: GUAVA - Tropical fruit Florida,https://traicayvietflorida.com/shop/guava/,https://traicayvietflorida.com/wp-content/uploads/2021/09/guava-traicayflorida-min-scaled.jpeg,generic
099-guava-fruit.jpg,גויבה רגיל,גויבה,ddg-269c06d314ac,DuckDuckGo: Guava Fruit In Spanish at Robert Nguyen blog,https://storage.googleapis.com/dojkkibpulupke/guava-fruit-in-spanish.html,https://c8.alamy.com/comp/2ATCCFT/isolated-guava-one-whole-green-guava-fruit-and-a-half-with-pink-flesh-on-a-branch-with-leaves-isolated-on-white-background-with-clipping-path-2ATCCFT.jpg,generic
099-guava-fruit.jpg,גויבה רגיל,גויבה,ddg-0cfbfc02dc2f,DuckDuckGo: Why Is My Guava Tree Not Fruiting: How To Get Guava Trees To Fruit ...,https://www.gardeningknowhow.com/edible/fruits/guava/guava-tree-wont-fruit.htm,https://cdn.mos.cms.futurecdn.net/7hMnhCqDFY6FHgHXHQ3wn9.jpg,generic
100-black-mulberry.jpg,שחור מקדים,תות עץ,ddg-94a259d0b221,DuckDuckGo: Morus nigra - Black Mulberry,https://www.gardeningexpress.co.uk/morus-nigra-black-mulberry,https://www.gardeningexpress.co.uk/media/catalog/product/cache/fa4e57de89a0fb1427d2c82c53fb200f/b/l/black-mulberry-1.jpg,generic
100-black-mulberry.jpg,שחור מקדים,תות עץ,ddg-12b2fb6c6dbf,"DuckDuckGo: 50+ Black Mulberry Tree Seeds (Morus nigra) | Sweet Edible Fruits, Free ...",https://ish-world.com/50-black-mulberry-tree-seeds-morus-nigra-sweet-edible-fruits-free-shipping-WEBcGE9YR1tWH1Zc,https://i.ebayimg.com/images/g/g2IAAOSwK6VkcT57/s-l1600.jpg,generic
100-black-mulberry.jpg,שחור מקדים,תות עץ,ddg-37bc26464afb,DuckDuckGo: Black Mulberry Plant _ Morus nigra (F) - CGNPEB,https://oceanplagetanger.com/black-mulberry-plant-morus-nigra-f/,https://www.thetutuguru.com.au/wp-content/uploads/2020/08/Morus-black-mulberry.jpg,generic
100-black-mulberry.jpg,שחור מקדים,תות עץ,ddg-74ac1d182576,"DuckDuckGo: 50+ Black Mulberry Tree Seeds (Morus nigra) | Sweet Edible Fruits, Free ...",https://ish-world.com/50-black-mulberry-tree-seeds-morus-nigra-sweet-edible-fruits-free-shipping-WEBcGE9YR1tWH1Zc,https://i.ebayimg.com/images/g/KO8AAOSwdl1kcT6B/s-l1600.jpg,generic
101-white-mulberry.jpg,שהמי,תות עץ,ddg-0ab1051b3c2d,DuckDuckGo: Health Benefits of White Mulberry,https://sohago.com/blog/health-benefits-of-white-mulberry/,https://sohago.com/blog/wp-content/uploads/2023/05/close-up-of-white-mulberry.jpg,generic
101-white-mulberry.jpg,שהמי,תות עץ,ddg-2028b1f8e038,DuckDuckGo: White Mulberry Care - Learn How To Grow A White Mulberry Tree ...,https://www.gardeningknowhow.com/ornamental/trees/fruitless-mulberry/caring-for-white-mulberry-trees.htm,https://cdn.mos.cms.futurecdn.net/5QSArMsmxEeHRBHUYn9Mki.jpg,generic
101-white-mulberry.jpg,שהמי,תות עץ,ddg-92cf5ad0e076,DuckDuckGo: Mulberry Seeds - White Mulberry - Heirloom Untreated NON-GMO From ...,https://www.incredibleseeds.ca/products/mulberry-seeds-white-mulberry,https://www.incredibleseeds.ca/cdn/shop/products/WhiteMulberry-Morusalba.jpg?v=1678475900,generic
101-white-mulberry.jpg,שהמי,תות עץ,ddg-94de65aeb771,DuckDuckGo: White Mulberry Leaf: Usefulness and Safety | NCCIH,https://www.nccih.nih.gov/health/white-mulberry-leaf,https://files.nccih.nih.gov/white-mulberry-morus-alba-gettyimages-1211750954-square.jpg,generic
102-shahtoot-mulberry.jpg,פקיסטני,תות עץ,ddg-abeba9455db1,"DuckDuckGo: White Shahtoot Mulberry fruits, Long Morus nigra or alba edible fruit ...",https://www.alamy.com/white-shahtoot-mulberry-fruits-long-morus-nigra-or-alba-edible-fruit-called-also-toot-superior-mulberries-morus-is-a-genus-of-1016-species-of-tre-image605960391.html,https://c8.alamy.com/comp/2X5RTJF/white-shahtoot-mulberry-fruits-long-morus-nigra-or-alba-edible-fruit-called-also-toot-superior-mulberries-morus-is-a-genus-of-1016-species-of-tre-2X5RTJF.jpg,generic
102-shahtoot-mulberry.jpg,פקיסטני,תות עץ,ddg-7ff886dd6325,DuckDuckGo: Buy White Shahtoot Mulberry Fruit Trees in Australia (Morus macroura),https://www.daleysfruit.com.au/Mulberry-Tree-White-Shahtoot.htm,https://plant.daleysfruit.com.au/trees/m/Mulberry-White-Shahtoot-2434.jpeg,generic
102-shahtoot-mulberry.jpg,פקיסטני,תות עץ,ddg-7e6ec7e03e24,DuckDuckGo: White Shahtoot Mulberry Fruits Long Morus Nigra Or Alba Edible Fruit ...,https://www.istockphoto.com/photo/white-shahtoot-mulberry-fruits-long-morus-nigra-or-alba-edible-fruit-called-also-gm2151901496-572955378,https://media.istockphoto.com/id/2151901496/photo/white-shahtoot-mulberry-fruits-long-morus-nigra-or-alba-edible-fruit-called-also-toot.jpg?s=1024x1024&w=is&k=20&c=PA5ZPnUfaR01kjiU0NbtMcSdazvxRDlA0Ui9cSrlZBg=,generic
102-shahtoot-mulberry.jpg,פקיסטני,תות עץ,ddg-d95f51679185,DuckDuckGo: BALA PLANT CREATION Live Combo Shahtoot Mulberry Plant Juicy Fruit ...,https://www.amazon.in/CREATION-Shahtoot-Mulberry-Plant-Diseases/dp/B0CX1YPW5K,https://m.media-amazon.com/images/I/71BbfRUtAtL._SL1280_.jpg,generic
103-mulberry-fruit.jpg,אפגני (לבן/שחור),תות עץ,ddg-6c564418a09f,DuckDuckGo: Fruit Mulberries Vertus - Mulberry Fruit: Nutrition Facts and Health ...,https://lepetitchamois.com/fruit-mulberries-vertus-mulberry-fruit-nutrition-facts-and-health-benefits/,https://cdn.britannica.com/16/9916-050-A26D40F5/Fruit-red-mulberry.jpg,generic
103-mulberry-fruit.jpg,אפגני (לבן/שחור),תות עץ,ddg-c0b85b940c15,DuckDuckGo: Mulberry Fruit Food - Free photo on Pixabay - Pixabay,https://pixabay.com/photos/mulberry-fruit-food-fresh-sweet-5092327/,https://cdn.pixabay.com/photo/2020/04/25/19/28/mulberry-5092327_1280.jpg,generic
103-mulberry-fruit.jpg,אפגני (לבן/שחור),תות עץ,ddg-1f74e2cdc3c8,DuckDuckGo: Mulberry Fruit Tree _ Types Of Mulberry Plants - Himmelfahrt Festival,https://himmelfahrt-festival.de/mulberry-fruit-tree-_-types-of-mulberry-plants/,"https://www.thespruce.com/thmb/inow03c44Nx5A0s0qiZZyY48FPk=/2121x1414/filters:fill(auto,1)/GettyImages-1254345488-3528718375a44ea7af7500ac2c5695e5.jpg",generic
103-mulberry-fruit.jpg,אפגני (לבן/שחור),תות עץ,ddg-c595700f6461,DuckDuckGo: Organic Mulberry fruit on the tree blured. Black ripe and red unripe ...,https://www.alamy.com/organic-mulberry-fruit-on-the-tree-blured-black-ripe-and-red-unripe-mulberries-on-the-branch-of-tree-fresh-mulberry-provides-fiber-and-nutrients-hig-image330005095.html,https://c8.alamy.com/comp/2A4W0T7/organic-mulberry-fruit-on-the-tree-blured-black-ripe-and-red-unripe-mulberries-on-the-branch-of-tree-fresh-mulberry-provides-fiber-and-nutrients-hig-2A4W0T7.jpg,generic
104-bananas.jpg,בננה,בננה / פאפיה,ddg-8117e499bff0,"DuckDuckGo: Fresh Bunch of Bananas, 4-7 Bananas - Shop Bananas at H-E-B",https://www.heb.com/product-detail/fresh-bunch-of-bananas/377497,https://images.heb.com/is/image/HEBGrocery/000377497,generic
104-bananas.jpg,בננה,בננה / פאפיה,ddg-11a36d91e13e,DuckDuckGo: Bananas - The Nutrition Source,https://nutritionsource.hsph.harvard.edu/food-features/bananas/,https://nutritionsource.hsph.harvard.edu/wp-content/uploads/2018/08/bananas-1354785_1920.jpg,generic
104-bananas.jpg,בננה,בננה / פאפיה,ddg-90a41bd79a7c,DuckDuckGo: Bananas Dialysis at Alana Mcgovern blog,https://storage.googleapis.com/drptnvlizkrjae/bananas-dialysis.html,https://i5.walmartimages.com/asr/3bbb1151-d69a-43fb-b132-47e0bc066307.1f28c1acf3df725a6a39ba4c8738e025.jpeg,generic
104-bananas.jpg,בננה,בננה / פאפיה,ddg-01a618dd71d4,DuckDuckGo: Do Bananas Have Seeds? The Complete Lowdown Here - Food Champs,https://www.foodchamps.org/do-bananas-have-seeds/,https://www.foodchamps.org/wp-content/uploads/2023/05/Do-Bananas-Have-Seeds-The-Complete-Lowdown-Here.jpg,generic
105-papaya-fruit.jpg,פאפיה,בננה / פאפיה,ddg-dfd40da752f7,DuckDuckGo: Papaya Fruit Season In India at Michael Oglesby blog,https://storage.googleapis.com/dicwuddoodjwae/papaya-fruit-season-in-india.html,http://2.bp.blogspot.com/-fxadAknr--E/UpgZ0poSyBI/AAAAAAAABxU/oCMldzw3Isw/s1600/pappaya+copy.jpg#papaya%20fruit%201000x1096,generic
105-papaya-fruit.jpg,פאפיה,בננה / פאפיה,ddg-cd78b64e4d65,"DuckDuckGo: Papaya Fruit - Nutrition Facts, Calories, Papaya Enzyme and Benefits",https://healthjade.net/papaya/,https://healthjade.com/wp-content/uploads/2017/12/Papaya.jpg,generic
105-papaya-fruit.jpg,פאפיה,בננה / פאפיה,ddg-7c55bd8f4f26,DuckDuckGo: Papaya Fruit Hd Images Free Download at Tawny Dunn blog,https://storage.googleapis.com/drmehwswiidute/papaya-fruit-hd-images-free-download.html,https://wallpapers.com/images/hd/whole-and-sliced-papaya-fruits-eugopnoauh8yl8hd.jpg,generic
105-papaya-fruit.jpg,פאפיה,בננה / פאפיה,ddg-bb1bbe3e4c35,DuckDuckGo: Papaya Fruit Cutting at Carly Decosta blog,https://storage.googleapis.com/donwgkplbdyeke/papaya-fruit-cutting.html,https://jooinn.com/images/papaya-fruit-cut-in-half.jpg,generic
106-passion-fruit.jpg,פסיפלורה,פסיפלורה,ddg-f5e83231cce4,DuckDuckGo: Passion Fruit Life Cycle at Janice Hogan blog,https://storage.googleapis.com/dbqekbyylensoe/passion-fruit-life-cycle.html,https://cdn.wikifarmer.com/wp-content/uploads/2023/05/Passion-Fruit-History-Uses-and-Nutritional-value-.jpg,generic
106-passion-fruit.jpg,פסיפלורה,פסיפלורה,ddg-b9745478d1fc,DuckDuckGo: Passion Fruit Life Cycle at Janice Hogan blog,https://storage.googleapis.com/dbqekbyylensoe/passion-fruit-life-cycle.html,https://www.thedailymeal.com/img/gallery/what-is-passion-fruit-and-how-do-you-eat-one/l-intro-1680834173.jpg,generic
106-passion-fruit.jpg,פסיפלורה,פסיפלורה,ddg-a47399c298d4,DuckDuckGo: What Is Definition Of Passion Fruit at Debra Millender blog,https://storage.googleapis.com/ddyusyqmfwwkce/what-is-definition-of-passion-fruit.html,https://www.jctropicals.us/wp-content/uploads/2021/02/passion-fruit-with-leaves-white-wall.jpg,generic
106-passion-fruit.jpg,פסיפלורה,פסיפלורה,ddg-249fa35297d7,DuckDuckGo: 6 Health Benefits of Passion Fruit,https://www.health.com/passion-fruit-benefits-8426147,https://www.health.com/thmb/VAp6rYEuFSjs-pr32reGxu_nflo=/1500x0/filters:no_upscale():max_bytes(150000):strip_icc()/GettyImages-1304948489-2ce87241ca6943e4a3d617f74aa7aaa8.jpg,generic
107-raspberries.jpg,פטל לנדאו,פטל,ddg-cc7f472ddd6c,DuckDuckGo: Raspberries Background wallpaper | 1600x1200 | #5037,https://eskipaper.com/raspberries-background.html,https://eskipaper.com/images/raspberries-background-3.jpg,generic
107-raspberries.jpg,פטל לנדאו,פטל,ddg-26be5c3fc007,DuckDuckGo: Growing raspberries? Here's what you need to know | WTOP,http://wtop.com/garden-plot/2017/06/growing-raspberries-heres-what-you-need-to-know/,https://wtop.com/wp-content/uploads/2017/06/raspberries.jpg,generic
107-raspberries.jpg,פטל לנדאו,פטל,ddg-81c9d36c3c04,"DuckDuckGo: All About Raspberries - How to Pick, Prepare & Store | Healthy Family ...",https://healthyfamilyproject.com/produce-tips/raspberry/,https://healthyfamilyproject.com/wp-content/uploads/2020/05/Raspberries-background.jpg,generic
107-raspberries.jpg,פטל לנדאו,פטל,ddg-b361b726cd3f,DuckDuckGo: Raspberries: Complete Nutrition Guide - SnapCalorie,https://www.snapcalorie.com/learn/foods/raspberries.html,https://snapcalorie-webflow-website.s3.us-east-2.amazonaws.com/media/food_pics_v2/raspberries.jpg,generic
108-prime-ark-blackberry.jpg,פטל פריים ארק,פטל,ddg-2fc2368aaab7,DuckDuckGo: Prime ark traveler blackberry 60 photos - Arptravels.com,https://arptravels.com/voyages/prime-ark-traveler-blackberry,https://www.starkbros.com/images/dynamic/7348.jpg,generic
108-prime-ark-blackberry.jpg,פטל פריים ארק,פטל,ddg-8a6ebfbd0b59,DuckDuckGo: Prime-Ark Freedom Blackberry Plant | Blackberries,https://www.livingleafplant.com/product/prime-ark-freedom-blackberry-plant/,https://www.livingleafplant.com/wp-content/uploads/2026/3/1773371050/prime-ark-freedom-blackberry-plant.webp,generic
108-prime-ark-blackberry.jpg,פטל פריים ארק,פטל,ddg-3c70242cc2f6,DuckDuckGo: Prime Ark Freedom Organic Blackberry Plant - Backyard Berry Plants,https://backyardberryplants.com/product/prime-ark-freedom-organic-blackberry-plant/,https://backyardberryplants.com/wp-content/uploads/2018/12/PrimeArkFreedomCourtesyOfSimmonsPlantFarm.jpg,generic
108-prime-ark-blackberry.jpg,פטל פריים ארק,פטל,ddg-0c987caa22b6,"DuckDuckGo: Prime Ark Freedom Blackberry Plant For Sale - 6-12"" Bareroot",https://foodforestnursery.com/product/prime-ark-freedom-blackberry/,https://foodforestnursery.com/wp-content/uploads/2022/12/Prime-Ark-Freedom-Blackberry-2.jpg,generic
109-raspberries.jpg,פטל רפאו,פטל,ddg-0c8217317542,DuckDuckGo: Free Photo | Close-up of raspberries,https://www.freepik.com/free-photo/close-up-raspberries_12062937.htm,https://img.freepik.com/free-photo/close-up-raspberries_23-2148817896.jpg?w=1800&t=st=1700189714~exp=1700190314~hmac=f2ae2b1a41ff1c3f21c27efcb55a63677bf9a8ca1be742beb6113a91fc996aac,generic
109-raspberries.jpg,פטל רפאו,פטל,ddg-e4d867316acc,DuckDuckGo: Fresh raspberry texture Close up red raspberries fruit background top ...,https://www.vecteezy.com/photo/19569432-fresh-raspberry-texture-close-up-red-raspberries-fruit-background-top-view,https://static.vecteezy.com/system/resources/previews/019/569/432/large_2x/fresh-raspberry-texture-close-up-red-raspberries-fruit-background-top-view-free-photo.JPG,generic
109-raspberries.jpg,פטל רפאו,פטל,ddg-dfd443b0f380,DuckDuckGo: When to transplant raspberries: for a lavish raspberry patch | Homes ...,https://www.homesandgardens.com/gardens/when-to-transplant-raspberries,https://cdn.mos.cms.futurecdn.net/QGzbGov9JR6GPdq2LvLmRa.jpg,generic
109-raspberries.jpg,פטל רפאו,פטל,ddg-71d52a258deb,DuckDuckGo: Do You Have To Keep Raspberries In The Fridge at Hattie Kennon blog,https://exoiselrr.blob.core.windows.net/do-you-have-to-keep-raspberries-in-the-fridge.html,https://foodsguy.com/wp-content/uploads/2023/07/raspberries-scaled.jpg,generic
110-boysenberry.jpg,פטל בויסן,פטל,ddg-4a3c943606c2,DuckDuckGo: Boysenberry: growing & plant care - Plantura,https://www.plantura.garden/uk/fruits/boysenberry/boysenberry-overview,https://plantura.garden/uk/wp-content/uploads/sites/2/2021/09/boysenberry.jpg,generic
110-boysenberry.jpg,פטל בויסן,פטל,ddg-0f947e332583,"DuckDuckGo: Amazon.com : 2 Boysenberry Plants Live 5 to 8 Inch Tall, Sweet ...",https://www.amazon.com/Boysenberry-Plants-Planting-Indoor-Outdoor/dp/B0D16XF5PB,https://m.media-amazon.com/images/I/61DN00ia+6L._AC_SL1000_.jpg,generic
110-boysenberry.jpg,פטל בויסן,פטל,ddg-a86b23ae1feb,DuckDuckGo: Boysenberry Blog - Rudy's Original® Boysenberries,https://www.rudysoriginal.com/boysenberry-blog/,https://www.rudysoriginal.com/wp-content/uploads/2021/02/How-To-Plant-Boysenberries-1536x1536.jpg,generic
110-boysenberry.jpg,פטל בויסן,פטל,ddg-f2ec87373685,"DuckDuckGo: Set 2 Boysenberry Plants Live for Growing 5 to 8 Inch Height, Sweet ...",https://www.walmart.com/ip/Set-2-Boysenberry-Plants-Live-for-Growing-5-to-8-Inch-Height-Sweet-Boysenberry-Fruit-Trees-Live-Plants-to-Grow/17263600983,https://i5.walmartimages.com/seo/Set-2-Boysenberry-Plants-Live-for-Growing-5-to-8-Inch-Height-Sweet-Boysenberry-Fruit-Trees-Live-Plants-to-Grow_2f7783c0-dbd4-4da2-9b48-a700c865dd50.d9d163492f4221d2abcbb097d1845ca8.jpeg,generic
111-pitanga-surinam-cherry.jpg,פיטנגו,טרופיים נדירים,ddg-bff9cab7d207,DuckDuckGo: What Is Surinam Cherry (Pitanga) | Organic Facts,https://www.organicfacts.net/surinam-cherry.html,https://www.organicfacts.net/wp-content/uploads/surinamcherryone.jpg,generic
111-pitanga-surinam-cherry.jpg,פיטנגו,טרופיים נדירים,ddg-873f3ec3c70d,"DuckDuckGo: Surinam cherry (Eugenia uniflora), also known as pitanga or cherry ...",https://www.alamy.com/surinam-cherry-eugenia-uniflora-also-known-as-pitanga-or-cherry-myrtle-image343712436.html,https://c8.alamy.com/comp/2AY5CM4/surinam-cherry-eugenia-uniflora-also-known-as-pitanga-or-cherry-myrtle-2AY5CM4.jpg,generic
111-pitanga-surinam-cherry.jpg,פיטנגו,טרופיים נדירים,ddg-5d8a05ad9fc7,DuckDuckGo: Pitanga (Eugenia uniflora) Surinam cherry Tropical Live Fruit Tree 2'-3 ...,https://tropicalplantae.com/product/pitanga-eugenia-uniflora-surinam-cherry-tropical-live-fruit-tree-12-24/,https://tropicalplantae.com/wp-content/uploads/2023/10/IMG_5810.jpeg,generic
111-pitanga-surinam-cherry.jpg,פיטנגו,טרופיים נדירים,ddg-48c94ebc8d02,DuckDuckGo: BEST Pitanga Eugenia Uniflora Surinam Cherry Dark Red Fruit Tree Potted ...,https://www.etsy.com/listing/1096930752/best-pitanga-eugenia-uniflora-surinam,https://i.etsystatic.com/12260520/r/il/272e30/3477808513/il_fullxfull.3477808513_eow6.jpg,generic
112-grumichama.jpg,גרומיצ׳ומה,טרופיים נדירים,ddg-f1bae58307de,DuckDuckGo: Grumichama Tree - Incredible Edible Landscapes,https://incredibleediblelandscapes.com/products/grumichama-aka-brazilian-cherry,https://incredibleediblelandscapes.com/cdn/shop/files/Grumichama_cluster_on_tree.jpg?v=1732485758&width=1214,generic
112-grumichama.jpg,גרומיצ׳ומה,טרופיים נדירים,ddg-b9935812a0f6,DuckDuckGo: Grumichama Fruit Plants (Eugenia brasiliensis) - veliyathgardens,https://veliyathgarden.com/products/grumichama-fruit-plants-eugenia-brasiliensis,https://veliyathgarden.com/cdn/shop/files/483488527_1193572256108996_5703681396579348963_n_1946x.jpg?v=1742646380,generic
112-grumichama.jpg,גרומיצ׳ומה,טרופיים נדירים,ddg-79a7084a4d67,DuckDuckGo: Eugenia brasiliensis (Grumichama) | Top Tropicals Plant Encyclopedia ...,https://toptropicals.com/catalog/image/16/eugenia_brasiliensis.htm,https://toptropicals.com/pics/garden/26/Eugenia-brasiliensis-Grumichama-fruit-closeup-PXL_20250515_225337406.jpg,generic
112-grumichama.jpg,גרומיצ׳ומה,טרופיים נדירים,ddg-77fa26c8bc0a,DuckDuckGo: Grumichama Fruit Plant ( Eugenia Brasiliensis ) - veliyathgardens,https://veliyathgarden.com/products/grumichama-fruit-plant-eugenia-brasiliensis,https://veliyathgarden.com/cdn/shop/files/273471246_10158309768256401_6124384435849735853_n_1445x.jpg?v=1732275966,generic
113-jabuticaba.jpg,גבוטיקבה (גל 1),טרופיים נדירים,ddg-9a4bb73e9062,DuckDuckGo: Mudas de jabuticaba: veja as diferentes formas para um cultivo bem-sucedido,https://capitalist.com.br/mudas-de-jabuticaba-veja-as-diferentes-formas-para-um-cultivo-bem-sucedido/,https://capitalist.com.br/wp-content/uploads/2023/10/shutterstock-1868909587-11.jpg.webp,generic
113-jabuticaba.jpg,גבוטיקבה (גל 1),טרופיים נדירים,ddg-648b600160c6,"DuckDuckGo: Jabuticaba, the Unique Brazilian Berry",https://blog.amigofoods.com/index.php/brazilian-foods/jabuticaba-brazilian-fruit/,https://blog.amigofoods.com/wp-content/uploads/2022/01/jabuticaba-tree.jpg,generic
113-jabuticaba.jpg,גבוטיקבה (גל 1),טרופיים נדירים,ddg-d9cee8ec8a91,DuckDuckGo: Jabuticaba: The Mysterious Trunk-Growing Fruit of Brazil - FruitFile,https://fruitfile.com/jabuticaba/,https://fruitfile.com/wp-content/uploads/2025/04/Jabuticaba.webp,generic
113-jabuticaba.jpg,גבוטיקבה (גל 1),טרופיים נדירים,ddg-b6d9209ce923,DuckDuckGo: Produção de fermentado de jabuticaba é aprimorada e visa mercado ...,https://abrafrutas.org/2024/12/producao-de-fermentado-de-jabuticaba-e-aprimorada-e-visa-mercado-internacional/,https://imagens-cdn.canalrural.com.br/2024/06/Nn49rNhd-jabuticaba-jpg.webp,generic
114-jabuticaba.jpg,גבוטיקבה (גל 2),טרופיים נדירים,ddg-072742c102ca,DuckDuckGo: Jabuticaba: benefici e come consumarla,https://viverepiusani.it/jabuticaba-benefici-e-come-consumarla/,"https://mejorconsalud.as.com/wp-content/uploads/2022/08/arbol-jabuticaba.jpg?auto=webp&quality=60&width=1920&crop=16:9,smart,safe",generic
114-jabuticaba.jpg,גבוטיקבה (גל 2),טרופיים נדירים,ddg-d8f2eeec78ec,DuckDuckGo: Jabuticaba: conheça os benefícios de consumir a fruta,https://www.bonsfluidos.com.br/no-prato/jabuticaba-conheca-os-beneficios-de-uma-das-frutas-mais-saudaveis-do-mundo.phtml,https://www.bonsfluidos.com.br/wp-content/uploads/2025/10/CAPA-BONS-FLUIDOS-2025-10-10T131500.362.jpg,generic
114-jabuticaba.jpg,גבוטיקבה (גל 2),טרופיים נדירים,ddg-3787d44df2bf,DuckDuckGo: Jabuticaba Híbrida | Vertflora,https://vertflora.com.br/produto/jabuticaba-hibrida,https://vertflora.com.br/storage/products/4GNrCz43sCJN0jKaWLgRjfZcYsCiSen6vnJKOBkk.jpg,generic
114-jabuticaba.jpg,גבוטיקבה (גל 2),טרופיים נדירים,ddg-62abd80d9bc0,"DuckDuckGo: Jabuticaba fruit stock photo. Image of fruitful, juicy - 114513246",https://www.dreamstime.com/jabuticaba-fruit-ripe-tree-image114513246,https://thumbs.dreamstime.com/z/jabuticaba-fruit-ripe-tree-114513246.jpg,generic
115-che-fruit-maclura-tricuspidata.jpg,צ׳ה,טרופיים נדירים,ddg-603d3d7be797,DuckDuckGo: Maclura Tricuspidata ( Che Fruit),https://dorcaplantas.com/inicio/506-maclura-tricuspidata-che-fruit.html,https://dorcaplantas.com/539-large_default/maclura-tricuspidata-che-fruit.jpg,generic
115-che-fruit-maclura-tricuspidata.jpg,צ׳ה,טרופיים נדירים,ddg-a46dd60a29e2,DuckDuckGo: 5 Maclura Tricuspidata Che Seeds | Mandarin Melonberry Rare Fruit - Etsy,https://www.etsy.com/listing/4409621979/5-maclura-tricuspidata-che-seeds,https://i.etsystatic.com/31466492/r/il/c5799c/7473394361/il_794xN.7473394361_my4b.jpg,generic
115-che-fruit-maclura-tricuspidata.jpg,צ׳ה,טרופיים נדירים,ddg-e09b2f7a295e,"DuckDuckGo: Maclura tricuspidata - Common Bonsai,Edible Fruit/Nuts,Fruits,Medicinal ...","https://sheffields.com/seeds-for-sale/Maclura/tricuspidata///////4154/Che,-Chinese-Mulberry,-Cudrang,-Mandarin-Melon-Berry,-Silkworm-Thorn/Che,-Chinese-Mulberry,-Cudrang,-Mandarin-Melon-Berry,-Silkworm-Thorn",https://sheffields.com/html/scale/1200/data/643552b3a67aa.jpg.webp,generic
115-che-fruit-maclura-tricuspidata.jpg,צ׳ה,טרופיים נדירים,ddg-efa8f1c7183d,DuckDuckGo: Propagating Che (Maclura tricuspidata) - General Fruit Growing ...,https://growingfruit.org/t/propagating-che-maclura-tricuspidata/47336,https://d55v7rs15ikf5.cloudfront.net/original/3X/b/2/b29380d8752427029a3756e684cedca871cadc50.jpeg,generic
116-feijoa.jpg,פיג׳ויה,טרופיים נדירים,ddg-ee1eee7b03db,DuckDuckGo: Feijoa Fruit Comment Le Manger - LBEGMS,https://1000children.org/feijoa-fruit-comment-le-manger/,https://instiks.com/wp-content/uploads/2017/06/yjlopfylsl-1498479066kn4g8.jpg,generic
116-feijoa.jpg,פיג׳ויה,טרופיים נדירים,ddg-5b8b8699788d,DuckDuckGo: Quand Pousse Le Feijoa - Feijoa Utilisation - QGRMH,https://xdroiddev.com/quand-pousse-le-feijoa-feijoa-utilisation/,https://www.gorinipiante.it/wp-content/uploads/2022/01/Feijoa-sellowiana-2-scaled.jpg,generic
116-feijoa.jpg,פיג׳ויה,טרופיים נדירים,ddg-4d394c7b011a,"DuckDuckGo: Feijoa (Fruit) - Nutrition, Health Benefits, Varieties, Pictures",https://www.onlyfoods.net/feijoa.html,http://www.onlyfoods.net/wp-content/uploads/2011/08/Feijoa-Pictures.jpg,generic
116-feijoa.jpg,פיג׳ויה,טרופיים נדירים,ddg-d5fd8531ba09,"DuckDuckGo: Feijoa ou goyavier du Brésil, un fruit exotique au jardin nourricier",https://adrienfelsmann.fr/feijoa-decouvrez-le-goyavier-du-bresil/,https://mlxkv3qkn7xb.i.optimole.com/cb:05sT.55753/w:1080/h:1080/q:mauto/https://adrienfelsmann.fr/medias/2023/05/fruit-du-feijoa-goyavier-du-bresil.png,generic
117-starfruit-carambola.jpg,קרמבולה (כוכב),טרופיים נדירים,ddg-9bae5e316b61,DuckDuckGo: How to Grow Star Fruit | Growing Starfruit (Carambola),https://balconygardenweb.com/how-to-grow-star-fruit-growing-starfruit-carambola/,https://balconygardenweb.b-cdn.net/wp-content/uploads/2022/11/Star-Fruits.jpg,generic
117-starfruit-carambola.jpg,קרמבולה (כוכב),טרופיים נדירים,ddg-87195a8c28f6,DuckDuckGo: Star Fruit (Or Carambola): The Tropical Treat We Are Obsessed With ...,http://www.huffingtonpost.com/2013/02/27/star-fruit-starfruit-carambola_n_2768611.html,http://i.huffpost.com/gen/1011390/images/o-STARFRUIT-facebook.jpg,generic
117-starfruit-carambola.jpg,קרמבולה (כוכב),טרופיים נדירים,ddg-6614b7950a4a,DuckDuckGo: Starfruit Carambola Heap Isolated on White Background Stock ...,https://www.dreamstime.com/starfruit-carambola-heap-isolated-white-background-starfruit-carambola-heap-isolated-white-background-perfect-tropical-image367185723,https://thumbs.dreamstime.com/b/starfruit-carambola-heap-isolated-white-background-starfruit-carambola-heap-isolated-white-background-perfect-tropical-367185723.jpg,generic
117-starfruit-carambola.jpg,קרמבולה (כוכב),טרופיים נדירים,ddg-78bd92c54e18,"DuckDuckGo: Averrhoa carambola (Starfruit) - Richard Lyons Nursery, Inc.",https://www.richardlyonsnursery.com/carambola/averrhoa-carambola-starfruit/,https://www.richardlyonsnursery.com/wp-content/uploads/2012/06/Averrhoa-carambola-Starfruit-768x1024.jpg,generic
118-prickly-pear-fruit.jpg,סברס (צבר),שונות,ddg-0934b9de72ad,DuckDuckGo: Growing Prickly Pear Fruit - Grow A Garden Prickly Pears - XCTF,https://workout.heartlandactors.com/growing-prickly-pear-fruit-grow-a-garden-prickly-pears/,https://gardenerspath.com/wp-content/uploads/2022/03/How-to-Grow-Prickly-Pear-Cactus-Feature-1-1024x683.jpg,generic
118-prickly-pear-fruit.jpg,סברס (צבר),שונות,ddg-ca0ccb3b5a3b,DuckDuckGo: Prickly Pear Fruit Or Vegetable at Lucile Hart blog,https://storage.googleapis.com/dgysfcqwgzrzfe/prickly-pear-fruit-or-vegetable.html,https://gardenerspath.com/wp-content/uploads/2022/09/Prickly-Pears-Ready-for-Harvest-1024x683.jpg,generic
118-prickly-pear-fruit.jpg,סברס (צבר),שונות,ddg-39460663d70a,DuckDuckGo: Prickly Pear Fruit Or Vegetable at Lucile Hart blog,https://storage.googleapis.com/dgysfcqwgzrzfe/prickly-pear-fruit-or-vegetable.html,https://3.bp.blogspot.com/-ipdhz7-wlzs/U1MJ72I1MlI/AAAAAAACMWg/g5V5eDBfktY/s1600/ASDM+7.13.12+019.JPG,generic
118-prickly-pear-fruit.jpg,סברס (צבר),שונות,ddg-8e2ee135c139,"DuckDuckGo: Prickly Pear: A Treasured Fruit of the Southwest, from Ancient Times to ...",https://www.desertusa.com/dusablog/prickly-pear-a-treasured-fruit-of-the-southwest-from-ancient-times-to-modern-delights/,https://www.desertusa.com/dusablog/wp-content/uploads/prickly-pear-cactus-withfruit.png,generic
119-goji-berries.jpg,גוג׳י ברי,שונות,ddg-7a689b94d650,DuckDuckGo: The Health Benefits of Goji Berries | Lecharm Tea,https://www.lecharmusa.com/the-health-benefits-of-goji-berries/,http://www.lecharmusa.com/wp-content/uploads/2015/03/goji-berry.jpg,generic
119-goji-berries.jpg,גוג׳י ברי,שונות,ddg-6fda7ad3d6bd,DuckDuckGo: 7 Impressive Reasons To Eat Goji Berries | FOOD MATTERS®,https://www.foodmatters.com/article/7-impressive-reasons-to-eat-goji-berries,https://www.foodmatters.com/media/uploads/images/articles/goji-berries.jpg,generic
119-goji-berries.jpg,גוג׳י ברי,שונות,ddg-2e2c8c34a685,"DuckDuckGo: Goji Berries: Nutrition, Benefits, and Side Effects",https://www.healthline.com/nutrition/goji-berry,https://post.healthline.com/wp-content/uploads/2020/09/goji-berry-berries-1296x728-header.jpg,generic
119-goji-berries.jpg,גוג׳י ברי,שונות,ddg-86a537d6d9da,"DuckDuckGo: Goji Berry (Wolfberry), Bright Orange-red Berries ,Slightly Sweet with ...",https://www.pixiesgardens.com/products/goji-berry-bright-red-berries,https://cdn.shopify.com/s/files/1/0260/0619/2212/products/gojiberry_2048x.jpg?v=1571728059,generic
120-sapodilla-fruit.jpg,ספודילה,עץ במפות (בלי כרטיס קטיף),ddg-9c1d179d66a3,DuckDuckGo: Sapodilla Fruit Guyana _ How To Eat Sapodilla - LTEOR,https://powertrials.org/sapodilla-fruit-guyana-how-to-eat-sapodilla/,https://www.healthbenefitstimes.com/9/gallery/sapodilla/Sapodilla-fruit.jpg,generic
120-sapodilla-fruit.jpg,ספודילה,עץ במפות (בלי כרטיס קטיף),ddg-11d83fb71966,DuckDuckGo: Sapodilla - Miami Fruit,https://miamifruit.org/products/sapodilla,https://cdn.shopify.com/s/files/1/1294/9917/products/brown_sugar_sapodilla_2048x.jpg?v=1571681667,generic
120-sapodilla-fruit.jpg,ספודילה,עץ במפות (בלי כרטיס קטיף),ddg-ea25ffabb680,DuckDuckGo: Premium Photo | Sapodilla tree with young fruit and green leaves ...,https://www.freepik.com/premium-photo/sapodilla-tree-with-young-fruit-green-leaves-sapodilla-fruit-garden_47766137.htm,https://img.freepik.com/premium-photo/sapodilla-tree-with-young-fruit-green-leaves-sapodilla-fruit-garden_653449-3913.jpg?w=2000,generic
120-sapodilla-fruit.jpg,ספודילה,עץ במפות (בלי כרטיס קטיף),ddg-7b624d206815,"DuckDuckGo: sapodilla fruit on the sapodilla tree plant on summer, sapodilla plum ...",https://www.vecteezy.com/photo/20467134-sapodilla-fruit-on-the-sapodilla-tree-plant-on-summer-sapodilla-plum-in-the-garden-fruit-in-thailand,https://static.vecteezy.com/system/resources/previews/020/467/134/large_2x/sapodilla-fruit-on-the-sapodilla-tree-plant-on-summer-sapodilla-plum-in-the-garden-fruit-in-thailand-free-photo.JPG,generic
121-canistel-eggfruit.jpg,קניסטל,עץ במפות (בלי כרטיס קטיף),ddg-3eb547180c14,DuckDuckGo: Eggfruit (Canistel) - Buy Eggfruit online from Miami Fruit,https://miamifruit.org/products/egg-fruit-canistel,https://cdn.shopify.com/s/files/1/1294/9917/products/yellow_canistel_eggfruit_2448x.jpg?v=1607030652,generic
121-canistel-eggfruit.jpg,קניסטל,עץ במפות (בלי כרטיס קטיף),ddg-fe4cb6e70e58,DuckDuckGo: Eggfruit (Canistel) - Buy Eggfruit online from Miami Fruit,https://miamifruit.org/products/egg-fruit-canistel,https://cdn.shopify.com/s/files/1/1294/9917/products/order_high_quality_canistel_online_2448x.jpg?v=1571681667,generic
121-canistel-eggfruit.jpg,קניסטל,עץ במפות (בלי כרטיס קטיף),ddg-cdc405701768,DuckDuckGo: Canistel Eggfruit Trees for Sale | FastGrowingTrees.com,https://www.fast-growing-trees.com/products/canistel-eggfruit-tree,http://cdn.shopify.com/s/files/1/0059/8835/2052/files/Canistel-Eggfruit-3_da1142a4-0cbf-4531-aef5-b7bf410f4b02.jpg?v=1764295996,generic
121-canistel-eggfruit.jpg,קניסטל,עץ במפות (בלי כרטיס קטיף),ddg-00f65fd1d2de,DuckDuckGo: Eggfruit | Canistel | Yellow Sapote Box - Small Box (3 Pounds),https://tropicalfruitbox.com/products/eggfruit-canistel-yellow-sapote-box?variant=43474213535929,https://tropicalfruitbox.com/cdn/shop/files/EggFruit5lbs3_e1ae0a8d-0fb7-48d5-afb9-9d07fa1fb368_1280x.jpg?v=1698781463,generic
122-star-apple-caimito.jpg,תפוח הכוכב,עץ במפות (בלי כרטיס קטיף),ddg-fe86fda91ff1,"DuckDuckGo: Star Apple-Caimito - Healthier Steps | Star apple, Apple fruit, Exotic ...",https://www.pinterest.com/pin/star-applecaimito-healthier-steps--8444318045267903/,https://i.pinimg.com/originals/ef/74/31/ef7431ea99060963860c9975d353007e.jpg,generic
122-star-apple-caimito.jpg,תפוח הכוכב,עץ במפות (בלי כרטיס קטיף),ddg-04f6e9d8baa2,DuckDuckGo: Star Apple - Caimito (Cainito) - Miami Fruit,https://miamifruit.org/products/star-apple-caimito,https://cdn.shopify.com/s/files/1/1294/9917/products/IMG_5791_2048x.jpg?v=1542080076,generic
122-star-apple-caimito.jpg,תפוח הכוכב,עץ במפות (בלי כרטיס קטיף),ddg-06a643c1ac64,DuckDuckGo: Star Apple - Caimito (Cainito) Box *Pre-Order* - Miami Fruit,https://miamifruit.org/products/star-apple-caimito,https://cdn.shopify.com/s/files/1/1294/9917/products/IMG_5179_2048x.jpg?v=1612989864,generic
122-star-apple-caimito.jpg,תפוח הכוכב,עץ במפות (בלי כרטיס קטיף),ddg-dfdd481a38cb,DuckDuckGo: Caimito: The Wondrous Star Apple | Exotic Gourmand,https://exoticgourmand.com/caimito-the-wondrous-star-apple/,https://exoticgourmand.com/wp-content/uploads/2023/06/shutterstock_1963722850-2048x1365.jpg,generic
123-acerola.jpg,אסרולה,עץ במפות (בלי כרטיס קטיף),ddg-16dc99c7bb42,"DuckDuckGo: Acerola: Benefits, Nutrition, and Risks",https://www.health.com/acerola-benefits-8659950,https://www.health.com/thmb/78eVtdIl_8tOEa8Ifs1c4RLtZzA=/1500x0/filters:no_upscale():max_bytes(150000):strip_icc()/Health-acerola-GettyImages-1335681521-53524df6cc234fa5945f4358b5b724d4-17c91d82f1184ec58df7aff7b33ef6a1.jpg,generic
123-acerola.jpg,אסרולה,עץ במפות (בלי כרטיס קטיף),ddg-a1d5d7ba8ebe,DuckDuckGo: Wat is acerola? | Maudgeniet.nl,https://maudgeniet.nl/acerola/,https://maudgeniet.nl/wp-content/uploads/2022/10/Vitamines_0075_Wat-is-acerola_.jpg,generic
123-acerola.jpg,אסרולה,עץ במפות (בלי כרטיס קטיף),ddg-0ae4b92ad778,DuckDuckGo: Top 8 Acerola Cherry Benefits You Should Know About - WBLLJ,https://cget.afd-obb-sued.de/top-8-acerola-cherry-benefits-you-should-know-about/,https://www.health.com/thmb/f8yPpKe3l3UoD1vU4C3kP9-Aexk=/4000x0/filters:no_upscale():max_bytes(150000):strip_icc()/HDC-Text-Overlay-horiz2-acerola-No-text-recirc-82533d9d205a4207a4077e1c3798cbec.jpg,generic
123-acerola.jpg,אסרולה,עץ במפות (בלי כרטיס קטיף),ddg-faf4cbe682c1,DuckDuckGo: L'acérola : bienfaits d'un fruit ultra concentré en vitamine C,https://blog.lafourche.fr/acerola-bienfaits-baie-vitamine-c,https://cms-cdn.lafourche.fr/c0c07f7f-56c2-4cfe-964c-5a6a92839263_Baie+d'acerola+cerises+de+la+barbade.jpg,generic
124-wampee-fruit.jpg,וואמפי,עץ במפות (בלי כרטיס קטיף),ddg-60e681a9fd10,DuckDuckGo: Wampee Fruit Plants (Clausena Lansium) - veliyathgardens,https://veliyathgarden.com/products/wampee-fruit-plants-clausena-lansium,https://veliyathgarden.com/cdn/shop/files/wampee_1445x.jpg?v=1747211114,generic
124-wampee-fruit.jpg,וואמפי,עץ במפות (בלי כרטיס קטיף),ddg-97488176320e,"DuckDuckGo: Wampee fruit seed stock photo. Image of detail, closeup - 78850364",https://www.dreamstime.com/stock-photo-wampee-fruit-seed-close-up-seeds-clausena-lansium-image78850364,https://thumbs.dreamstime.com/b/fresh-wampee-fruit-close-up-clausena-lansium-78850251.jpg,generic
124-wampee-fruit.jpg,וואמפי,עץ במפות (בלי כרטיס קטיף),ddg-394f173a0ce8,"DuckDuckGo: Wampee fruit seed stock photo. Image of detail, closeup - 78850364",https://www.dreamstime.com/stock-photo-wampee-fruit-seed-close-up-seeds-clausena-lansium-image78850364,https://thumbs.dreamstime.com/b/fresh-wampee-fruit-close-up-clausena-lansium-78850362.jpg,generic
124-wampee-fruit.jpg,וואמפי,עץ במפות (בלי כרטיס קטיף),ddg-2877313be7e8,DuckDuckGo: fresh wampee fruit Stock Photo - Alamy,https://www.alamy.com/stock-photo-fresh-wampee-fruit-111601984.html,https://c8.alamy.com/comp/GDFWD4/fresh-wampee-fruit-GDFWD4.jpg,generic
125-bignay.jpg,ביגניי,עץ במפות (בלי כרטיס קטיף),ddg-7fe0dcd4a17b,"DuckDuckGo: PlantFiles Pictures: Antidesma Species, Bignay, Bignai (Antidesma ...",https://davesgarden.com/guides/pf/showimage/94534/,https://pics.davesgarden.com/pics/2005/12/14/jnana/d237f3.jpg,generic
125-bignay.jpg,ביגניי,עץ במפות (בלי כרטיס קטיף),ddg-fd5ef40469b9,DuckDuckGo: Bignay Fruit (Antidesma Bunius) Layered Fruit Plant (Home & Garden Pla ...,https://www.hugaplant.com/products/bignay-fruit-antidesma-bunius-layered-fruit-plant-home-garden-plants,https://hugaplant.com/cdn/shop/files/1_e81412d9-43e9-43f9-81b6-7ac1f18ede06_1200x.png?v=1708670502,generic
125-bignay.jpg,ביגניי,עץ במפות (בלי כרטיס קטיף),ddg-5bb8aa88eb25,DuckDuckGo: Bignay or Bugnay is Called Wild Berries in the Philippines Stock Image ...,https://www.dreamstime.com/bignay-bugnay-called-wild-berries-philippines-bignay-bugnay-called-wild-berries-philippines-image289325491,https://thumbs.dreamstime.com/b/bignay-bugnay-called-wild-berries-philippines-bignay-bugnay-called-wild-berries-philippines-289325491.jpg,generic
125-bignay.jpg,ביגניי,עץ במפות (בלי כרטיס קטיף),ddg-dabb9adc6715,DuckDuckGo: Buy Bignay (Antidesma Bunius) Fruit Plant Online | Kerala Nursery,https://ayushkerala.com/buy/bignay-antidesma-bunius-fruit-plant/,https://ayushkerala.com/wp-content/uploads/2022/08/Bignay-Fruit-Plant.png,generic
126-ambarella-june-plum.jpg,אמברלה,עץ במפות (בלי כרטיס קטיף),ddg-ef1fe964e3a5,"DuckDuckGo: Cluster of Ambarella, June Plum, Golden Apple, Spondias Dulcis, Fruit ...",https://www.dreamstime.com/cluster-ambarella-june-plum-golden-apple-spondias-dulcis-fruit-de-cythere-cluster-ambarella-june-plum-golden-apple-spondias-image452311132,https://thumbs.dreamstime.com/b/cluster-ambarella-june-plum-golden-apple-spondias-dulcis-fruit-de-cythere-cluster-ambarella-june-plum-golden-apple-spondias-452311132.jpg,generic
126-ambarella-june-plum.jpg,אמברלה,עץ במפות (בלי כרטיס קטיף),ddg-0d593c0042d1,DuckDuckGo: Ambarella Fruits Also Known As June Plum No Brazil Cajamanga The Fruit ...,https://www.istockphoto.com/photo/ambarella-fruits-also-known-as-june-plum-no-brazil-caja-manga-the-fruit-can-be-eaten-gm1072247968-286943465,https://media.istockphoto.com/id/1072247968/photo/ambarella-fruits-also-known-as-june-plum-no-brazil-caja-manga-the-fruit-can-be-eaten-raw-or.jpg?s=1024x1024&w=is&k=20&c=G_VhCoazYOcEwJs98g460g-T5ohcgwbY5y76ibHd1hs=,generic
126-ambarella-june-plum.jpg,אמברלה,עץ במפות (בלי כרטיס קטיף),ddg-b15d9eed0375,DuckDuckGo: June Plum (Spondias Dulcis) or Ambarella or Golden Apple Tropical Fruit ...,https://www.dreamstime.com/june-plum-spondias-dulcis-ambarella-golden-apple-tropical-fruit-plant-june-plum-spondias-dulcis-ambarella-golden-image278169855,https://thumbs.dreamstime.com/z/june-plum-spondias-dulcis-ambarella-golden-apple-tropical-fruit-plant-june-plum-spondias-dulcis-ambarella-golden-278169855.jpg,generic
126-ambarella-june-plum.jpg,אמברלה,עץ במפות (בלי כרטיס קטיף),ddg-5d95091a1364,DuckDuckGo: Lg. Tropical June Plum Ambarella Tree (spondias dulcis) - UrbanTropicals,https://urbantropicals.com/product/lg-tropical-june-plum-ambarella-tree-spondias-dulcis/,https://urbantropicals.com/wp-content/uploads/SPO-DUL-1.jpg,generic
127-inga-edulis-ice-cream-bean.jpg,אינגה מתוקה,עץ במפות (בלי כרטיס קטיף),ddg-8544725662d2,DuckDuckGo: Ice-cream-bean (Inga edulis) - flyingdragonnursery,https://flyingdragonnursery.co.nz/products/inga-bean,https://flyingdragonnursery.co.nz/cdn/shop/products/b0687104027adfcb4f094b0a30e27fe5.jpg?v=1676167787&width=1500,generic
127-inga-edulis-ice-cream-bean.jpg,אינגה מתוקה,עץ במפות (בלי כרטיס קטיף),ddg-867f22771b03,DuckDuckGo: Inga edulis : Ice-cream bean seedling,https://www.rayon-de-serre.com/a-collaboration-with-the-botanical-garden-orchard-of-flavours-/517-inga-edulis.html,https://www.rayon-de-serre.com/5438-large_default/inga-edulis.webp,generic
127-inga-edulis-ice-cream-bean.jpg,אינגה מתוקה,עץ במפות (בלי כרטיס קטיף),ddg-a6ccd8630322,DuckDuckGo: Ice-cream-bean (Inga Edulis) > How To Care: All You Need to Know 🌿 PlantIn,https://myplantin.com/plant/3036,https://images.myplantin.com/1242_2688/3036/main.jpg,generic
127-inga-edulis-ice-cream-bean.jpg,אינגה מתוקה,עץ במפות (בלי כרטיס קטיף),ddg-65407c9ba7d2,DuckDuckGo: Ice-cream-bean (Inga edulis Stock Photo - Alamy,https://www.alamy.com/ice-cream-bean-inga-edulis-image635428684.html,https://c8.alamy.com/comp/2YWP7NG/ice-cream-bean-inga-edulis-2YWP7NG.jpg,generic
128-jackfruit.jpg,ג'קפרוט,עץ במפות (בלי כרטיס קטיף),ddg-81e2f98b2b83,DuckDuckGo: Jackfruit - Wikipedia,https://en.wikipedia.org/wiki/Jackfruit,https://upload.wikimedia.org/wikipedia/commons/thumb/b/ba/Jackfruit_hanging.JPG/1200px-Jackfruit_hanging.JPG,generic
128-jackfruit.jpg,ג'קפרוט,עץ במפות (בלי כרטיס קטיף),ddg-573554f8b597,DuckDuckGo: Trees Planet: Artocarpus heterophyllus - Jackfruit - Jack fruit,https://treesplanet.blogspot.com/2013/07/artocarpus-heterophyllus-jackfruit-jack.html,https://3.bp.blogspot.com/--SFLKGkEi50/UeWMTaLxmBI/AAAAAAAAA-g/S_VVjfUTWEE/s1600/Artocarpus+heterophyllus+-+Jackfruit+01.jpg,generic
128-jackfruit.jpg,ג'קפרוט,עץ במפות (בלי כרטיס קטיף),ddg-84f866c0dc54,DuckDuckGo: A complete guide to jackfruit | lovefood.com,https://www.lovefood.com/guides/87925/what-is-jackfruit,https://loveincstatic.blob.core.windows.net/lovefood/2019/jackfruit/jackfruit-origins.jpg,generic
128-jackfruit.jpg,ג'קפרוט,עץ במפות (בלי כרטיס קטיף),ddg-f9f90ab83897,DuckDuckGo: Tips For Picking Jackfruit - Learn How To Harvest Jackfruit Trees,https://www.gardeningknowhow.com/edible/fruits/jackfruit-trees/jackfruit-harvesting-guide.htm,https://www.gardeningknowhow.com/wp-content/uploads/2018/01/jackfruit.jpg,generic
129-sea-grape-coccoloba.jpg,קוקולובה,עץ במפות (בלי כרטיס קטיף),ddg-edac4fac8b89,DuckDuckGo: Sea grape coccoloba uvifera hi-res stock photography and images - Alamy,https://www.alamy.com/stock-photo/sea-grape-coccoloba-uvifera.html,https://c8.alamy.com/comp/2A8AYHH/coccoloba-uvifera-sea-grape-plant-on-beach-2A8AYHH.jpg,generic
129-sea-grape-coccoloba.jpg,קוקולובה,עץ במפות (בלי כרטיס קטיף),ddg-5c2709c6b668,DuckDuckGo: Sea Grape Live Plant (Coccoloba uvifera) - veliyathgardens,https://veliyathgarden.com/products/sea-grape-live-plant-coccoloba-uvifera,https://veliyathgarden.com/cdn/shop/files/seagrape_b0bf0ffa-4cf2-43bb-8bd5-04ff592f1f61_1445x.jpg?v=1712748763,generic
129-sea-grape-coccoloba.jpg,קוקולובה,עץ במפות (בלי כרטיס קטיף),ddg-a967a4717969,"DuckDuckGo: Coccoloba uvifera - Sea Grape, Seagrape - Hawaiian Plants and Tropical ...",https://wildlifeofhawaii.com/flowers/1561/coccoloba-uvifera-sea-grape/,https://wildlifeofhawaii.com/images/flowers/Coccoloba-uvifera-1.jpg,generic
129-sea-grape-coccoloba.jpg,קוקולובה,עץ במפות (בלי כרטיס קטיף),ddg-91362a6afe57,DuckDuckGo: Sea Grape Coccoloba Bonsai Plant Shrub - Nestreeo.com,https://nestreeo.com/product/sea-grape-coccoloba-bonsai-plant-shrub,https://nestreeo.com/wp-content/uploads/2021/01/Sea-Grape-Coccoloba-1.jpg,generic
130-phalsa-falsa.jpg,פלסה,עץ במפות (בלי כרטיס קטיף),ddg-3e1befbf93b2,DuckDuckGo: Open media 3 in modal,https://farmgao.com/products/phalsa-falsa-berry-layering-grafted-fruit-plant-1-5-2-feet-height,https://farmgao.com/cdn/shop/files/71pwde54sbl-640x640.avif?v=1770018146&width=1946,generic
130-phalsa-falsa.jpg,פלסה,עץ במפות (בלי כרטיס קטיף),ddg-d66915ac595e,DuckDuckGo: Grewia Asiatica Commonly Known Phalsa Falsa Stock Photo 2306214953 ...,https://www.shutterstock.com/image-photo/grewia-asiatica-commonly-known-phalsa-falsa-2306214953,https://www.shutterstock.com/image-photo/grewia-asiatica-commonly-known-phalsa-600w-2306214953.jpg,generic
130-phalsa-falsa.jpg,פלסה,עץ במפות (בלי כרטיס קטיף),ddg-b8a16e02ad56,DuckDuckGo: Falsa or Phalsa Fruit or Grewia Asiatica or Parushaka or Indian Sherbet ...,https://www.dreamstime.com/falsa-phalsa-fruit-grewia-asiatica-parushaka-indian-sherbet-berry-image-image254040362,https://thumbs.dreamstime.com/z/falsa-phalsa-fruit-grewia-asiatica-parushaka-indian-sherbet-berry-image-254040362.jpg,generic
130-phalsa-falsa.jpg,פלסה,עץ במפות (בלי כרטיס קטיף),ddg-334086723d2a,DuckDuckGo: Secrets of Falsa or Phalsa: All You Want to Know - Masala Monk,https://masalamonk.com/secrets-of-falsa-or-phalsa-all-you-want-to-know/,https://masalamonk.com/wp-content/uploads/2019/05/Phalsa-Falsa-768x990.jpeg,generic
131-panama-berry-muntingia.jpg,גרגר פנמה,עץ במפות (בלי כרטיס קטיף),ddg-ec70dcea554d,DuckDuckGo: Buy Panama Berry Plants (Muntingia calabura),https://www.daleysfruit.com.au/fruit%20pages/panama.htm,https://plant.daleysfruit.com.au/trees/m/Panama-Berry-280.jpeg,generic
131-panama-berry-muntingia.jpg,גרגר פנמה,עץ במפות (בלי כרטיס קטיף),ddg-72e4ab3da815,DuckDuckGo: Panama Berry Tree: Muntingia calabura - UF/IFAS Extension Hillsborough ...,https://blogs.ifas.ufl.edu/hillsboroughco/2024/06/11/panama-berry-tree-muntingia-calabura/,https://blogs.ifas.ufl.edu/hillsboroughco/files/2024/06/IMG_1520-scaled.jpeg,generic
131-panama-berry-muntingia.jpg,גרגר פנמה,עץ במפות (בלי כרטיס קטיף),ddg-018e411e500b,DuckDuckGo: Buy Panama Berry Plants (Muntingia calabura),https://www.daleysfruit.com.au/fruit%20pages/panama.htm,https://plant.daleysfruit.com.au/trees/m/Panama-Berry-6735.jpeg,generic
131-panama-berry-muntingia.jpg,גרגר פנמה,עץ במפות (בלי כרטיס קטיף),ddg-7c3335ddd927,DuckDuckGo: Jamaican Cherry Tree Seeds for Planting (30 Seeds) - Muntingia calabura ...,https://www.walmart.com/ip/Jamaican-Cherry-Tree-Seeds-for-Planting-30-Seeds-Muntingia-calabura-Grow-Panama-Berry-Trees/11841253598,https://i5.walmartimages.com/seo/Jamaican-Cherry-Tree-Seeds-for-Planting-30-Seeds-Muntingia-calabura-Grow-Panama-Berry-Trees_36eb0591-4138-4a14-91fa-44a4c8897ae3.39b7dba81ca53af26b331f798672d22f.jpeg,generic
132-ketambilla.jpg,קטמבילה,עץ במפות (בלי כרטיס קטיף),ddg-688ba4af41a3,DuckDuckGo: Biodiversity of Sri Lanka: රට කැටඹිල්ල[Rata Ketambilla]/Rose-Leaved ...,https://biodiversityofsrilanka.blogspot.com/2018/01/rata-ketambillarose-leaved-bramblewild.html,https://blogger.googleusercontent.com/img/b/R29vZ2xl/AVvXsEhGxjFT5_hjOIerfZukJDStaKOZyu7UCSMgijn0iRRnaERnIF65suZQOg7qeTSJPsQkFIcDlHJrOkitOd06LduFe_LIOuokzz9ZLoIiCZykpemBdFgSorlLVVUa-Nd4kHD9KGnZQ3x1QmLv/w1200-h630-p-k-no-nu/Untitled-1.jpg,generic
132-ketambilla.jpg,קטמבילה,עץ במפות (בלי כרטיס קטיף),ddg-c7250a57dc25,DuckDuckGo: Biodiversity of Sri Lanka: රට කැටඹිල්ල[Rata Ketambilla]/Rose-Leaved ...,https://biodiversityofsrilanka.blogspot.com/2018/01/rata-ketambillarose-leaved-bramblewild.html,https://blogger.googleusercontent.com/img/b/R29vZ2xl/AVvXsEhGxjFT5_hjOIerfZukJDStaKOZyu7UCSMgijn0iRRnaERnIF65suZQOg7qeTSJPsQkFIcDlHJrOkitOd06LduFe_LIOuokzz9ZLoIiCZykpemBdFgSorlLVVUa-Nd4kHD9KGnZQ3x1QmLv/s1600/Untitled-1.jpg,generic
133-yangmei-chinese-bayberry.jpg,יאנג מיי,עץ במפות (בלי כרטיס קטיף),ddg-f4ae620a1d7b,DuckDuckGo: Waxberry Seeds: Chinese Bayberry Yangmei Myrica Rubra - Newly Harvested ...,https://www.etsy.com/listing/4381404979/waxberry-seeds-chinese-bayberry-yangmei,https://i.etsystatic.com/53804506/r/il/612ae9/7257430300/il_1080xN.7257430300_av8v.jpg,generic
133-yangmei-chinese-bayberry.jpg,יאנג מיי,עץ במפות (בלי כרטיס קטיף),ddg-29075914a8f8,DuckDuckGo: Waxberry Seeds: Chinese Bayberry Yangmei Myrica Rubra - Newly Harvested ...,https://www.etsy.com/listing/4381404979/waxberry-seeds-chinese-bayberry-yangmei,https://i.etsystatic.com/53804506/r/il/e6716c/7257430294/il_1588xN.7257430294_48j9.jpg,generic
133-yangmei-chinese-bayberry.jpg,יאנג מיי,עץ במפות (בלי כרטיס קטיף),ddg-75622eccb93f,DuckDuckGo: Wax Berry Seeds 5 Seeds | Chinese Bayberry Yangmei | Rare Fruit | Cool ...,https://basicfarmhouse.com/products/wax-berry-seeds-5-seeds-chinese-bayberry-yangmei-rare-fruit-cool-climate-plant,http://basicfarmhouse.com/cdn/shop/files/2_f973064a-ffdc-4344-bf41-af212f00b876.jpg?v=1767999994,generic
133-yangmei-chinese-bayberry.jpg,יאנג מיי,עץ במפות (בלי כרטיס קטיף),ddg-01c8ec95c92c,DuckDuckGo: What Is Yangmei Fruit - Learn About Growing Chinese Bayberry Plants ...,https://www.gardeningknowhow.com/ornamental/trees/chinese-bayberry/chinese-bayberry-information.htm,https://cdn.mos.cms.futurecdn.net/EMn7hpWioxgXEe25852wug.jpg,generic
134-cedar-bay-cherry-eugenia.jpg,סידר ביי,עץ במפות (בלי כרטיס קטיף),ddg-59f8d309902c,DuckDuckGo: Buy Cedar Bay Cherry Fruit Trees (Eugenia reinwardtiana),https://www.daleysfruit.com.au/bushfood/cedarbay.htm,https://plant.daleysfruit.com.au/trees/m/Cedar-Bay-Cherry-5358.jpeg,generic
134-cedar-bay-cherry-eugenia.jpg,סידר ביי,עץ במפות (בלי כרטיס קטיף),ddg-f17bfc6fbfc5,DuckDuckGo: Cedar Bay Cherry (Eugenia reinwardtiana) - Practical Magic Store,https://practicalmagicstore.com/products/cedar-bay-cherry-eugenia-reinwardtiana,https://practicalmagicstore.com/cdn/shop/files/sow-exotic-tropical-fruit-tree-medium-coconut-coir-pot-cedar-bay-cherry-eugenia-reinwardtiana-37951616254195.png?v=1776021821&width=1610,generic
134-cedar-bay-cherry-eugenia.jpg,סידר ביי,עץ במפות (בלי כרטיס קטיף),ddg-fcfd1bc36e91,DuckDuckGo: Eugenia reinwardtiana - Cedar bay cherry — Phytognosis,http://regenerag.org/blog/2018/2/11/eugenia-reinwardtiana-cedar-bay-cherry,https://images.squarespace-cdn.com/content/v1/5a5f182cbe42d619379891ca/1518353529925-BTGRLX2XXK64OGOWETPM/Eugenia+reinwardtiana+fruit+leaf.jpg,generic
134-cedar-bay-cherry-eugenia.jpg,סידר ביי,עץ במפות (בלי כרטיס קטיף),ddg-b980f70e5d6b,DuckDuckGo: Cedar Bay Cherry - Eugenia reinwardtiana,https://www.tradewindsfruit.com/content/cedar-bay-cherry.htm,https://www.tradewindsfruit.com/content/images/cedar_bay_cherry2.jpg,generic
135-rose-apple-syzygium-jambos.jpg,תפוח ורד לבן,עץ במפות (בלי כרטיס קטיף),ddg-7d45f0c81158,"DuckDuckGo: Syzygium Jambos Rose Apple, Bell Apple, and Wax Apple Close-Up Stock ...",https://www.dreamstime.com/syzygium-jambos-rose-apple-bell-apple-wax-apple-close-up-detailed-close-up-syzygium-jambos-also-known-as-rose-apple-image360021812,https://thumbs.dreamstime.com/b/syzygium-jambos-rose-apple-bell-apple-wax-apple-close-up-detailed-close-up-syzygium-jambos-also-known-as-rose-apple-360021812.jpg,generic
135-rose-apple-syzygium-jambos.jpg,תפוח ורד לבן,עץ במפות (בלי כרטיס קטיף),ddg-4e11036b1f33,DuckDuckGo: Rose apple (Syzygium jambos) | Organikos,https://organikos.net/2012/03/02/rose-apple-syzygium-jambos-2/,https://organikos.net/wp-content/uploads/2012/02/img_4705.jpg,generic
135-rose-apple-syzygium-jambos.jpg,תפוח ורד לבן,עץ במפות (בלי כרטיס קטיף),ddg-f6b532d39d87,"DuckDuckGo: Rose Apple, Syzygium jambos",https://www.growables.org/information/TropicalFruit/RoseApple.htm,https://www.growables.org/information/TropicalFruit/images/RoseA18.jpg,generic
135-rose-apple-syzygium-jambos.jpg,תפוח ורד לבן,עץ במפות (בלי כרטיס קטיף),ddg-0a6c3d5b9ada,"DuckDuckGo: Syzygium Jambos Rose Apple, Bell Apple, and Wax Apple Close-Up Stock ...",https://www.dreamstime.com/syzygium-jambos-rose-apple-bell-apple-wax-apple-close-up-detailed-close-up-syzygium-jambos-also-known-as-rose-apple-image360021815,https://thumbs.dreamstime.com/b/syzygium-jambos-rose-apple-bell-apple-wax-apple-close-up-detailed-close-up-syzygium-jambos-also-known-as-rose-apple-360021815.jpg,generic
136-rose-apple.jpg,תפוח ורד אדום,עץ במפות (בלי כרטיס קטיף),ddg-7d1f07159ffd,DuckDuckGo: Art of Cultivating Fragrant Rose Apple Trees,https://krishijagran.com/agripedia/art-of-cultivating-fragrant-rose-apple-trees/,https://img-cdn.krishijagran.com/97650/rose-apple.png,generic
136-rose-apple.jpg,תפוח ורד אדום,עץ במפות (בלי כרטיס קטיף),ddg-62d121920469,DuckDuckGo: Rose Apple Que Es at Willard Corey blog,https://storage.googleapis.com/dartqksndglbse/rose-apple-que-es.html,https://static.vecteezy.com/system/resources/previews/015/942/471/large_2x/rose-apple-fruit-summer-hanging-on-the-tree-rose-apples-tree-in-orchard-in-thailand-free-photo.JPG,generic
136-rose-apple.jpg,תפוח ורד אדום,עץ במפות (בלי כרטיס קטיף),ddg-6334d4daf219,"DuckDuckGo: Rose apple characteristics, properties and benefits",https://steptohealth.com/rose-apple-characteristics-properties-and-benefits/,"https://mejorconsalud.as.com/wp-content/uploads/2022/09/fruta-exotica.jpg?auto=webp&quality=30&width=1920&crop=16:9,smart,safe",generic
136-rose-apple.jpg,תפוח ורד אדום,עץ במפות (בלי כרטיס קטיף),ddg-501c64746d0a,DuckDuckGo: Rose Apple - Fruit Plug,https://fruitplug.co.uk/shop/rose-apple/,https://i0.wp.com/fruitplug.co.uk/wp-content/uploads/2023/04/rose-apples-jambu-office-fruit-delivery-service-in-singapore_6ef2704d-3bc1-4fe8-83d5-1f0487fbae29_1200x.png?fit=1200%2C794&ssl=1,generic
137-imbe-garcinia-livingstonei.jpg,אימבה,עץ במפות (בלי כרטיס קטיף),ddg-62627ab5e1fb,"DuckDuckGo: Garcinia livingstonei (Imbe) - Richard Lyons Nursery, Inc.",https://www.richardlyonsnursery.com/garcinia-livingstonei-imbe/,https://www.richardlyonsnursery.com/wp-content/uploads/2017/08/Garcinia-livingsoniaImbe-1024x768.jpg,generic
137-imbe-garcinia-livingstonei.jpg,אימבה,עץ במפות (בלי כרטיס קטיף),ddg-b11212806b4d,DuckDuckGo: Imbe Fruit Plants (Garcinia Livingstonei) - veliyathgardens,https://veliyathgarden.com/products/imbe-fruit-plants-garcinia-livingstonei,https://veliyathgarden.com/cdn/shop/files/Imbe-veliyath-gardens_4_1946x.jpg?v=1739439177,generic
137-imbe-garcinia-livingstonei.jpg,אימבה,עץ במפות (בלי כרטיס קטיף),ddg-99c463a19f34,DuckDuckGo: Buy Imbe Fruit Trees (Garcinia livingstonei),https://www.daleysfruit.com.au/Imbe-Garcinia-livingstonia.htm,https://plant.daleysfruit.com.au/trees/m/Imbe-4727.jpeg,generic
137-imbe-garcinia-livingstonei.jpg,אימבה,עץ במפות (בלי כרטיס קטיף),ddg-5aec0bfc0a82,"DuckDuckGo: Imbe, Garcinia livingstonei",https://www.growables.org/information/TropicalFruit/imbe.htm,https://www.growables.org/information/TropicalFruit/images/ImbeWiki2.JPG,generic
138-rio-grande-cherry-eugenia-involucrata.jpg,ריו גרנדה,עץ במפות (בלי כרטיס קטיף),ddg-f23829812fbf,"DuckDuckGo: Cherry of the Rio Grande, Eugenia involucrata",https://www.growables.org/information/TropicalFruit/cherryoftheriogrande.htm,https://www.growables.org/information/TropicalFruit/images/CherryFlickr17.jpg,generic
138-rio-grande-cherry-eugenia-involucrata.jpg,ריו גרנדה,עץ במפות (בלי כרטיס קטיף),ddg-cce8e4b83e61,DuckDuckGo: Eugenia involucrata (Cherry of the Rio Grande) | Top Tropicals Plant ...,https://toptropicals.com/catalog/uid/eugenia_aggregata.htm,https://toptropicals.com/pics/garden/07/1/P1091807.jpg,generic
138-rio-grande-cherry-eugenia-involucrata.jpg,ריו גרנדה,עץ במפות (בלי כרטיס קטיף),ddg-3bcee598624e,DuckDuckGo: Cherry of the Rio Grande (Eugenia Involucrata): A Tropical Marvel for ...,https://veliyathgarden.com/products/cherry-of-de-rio-grande-eugenia-involucrata,https://veliyathgarden.com/cdn/shop/products/Layer28_1946x.png?v=1652445992,generic
138-rio-grande-cherry-eugenia-involucrata.jpg,ריו גרנדה,עץ במפות (בלי כרטיס קטיף),ddg-23f6ed02875f,DuckDuckGo: Cherry of the Rio Grande | Top-Tier Fruit Trees | GreenDreams 🍒🌿,https://www.greendreamsfl.com/online-store/Cherry-of-the-Rio-Grande-Bens-Beaut-Eugenia-involucrata-1G-p298638613,https://d2j6dbq0eux0bg.cloudfront.net/images/795111/2450300682.jpg,generic
140-pear-fruit.jpg,אגס ספדונה,עץ במפות (בלי כרטיס קטיף),ddg-158943d5fdaf,"DuckDuckGo: Pear Fruit Benefits (Nashpati) for Health, Hair & Skin - 15 Amazing List",https://stylesatlife.com/articles/pear-fruit-benefits/,https://stylesatlife.com/wp-content/uploads/2019/06/pear-fruit-benefits.jpg,generic
140-pear-fruit.jpg,אגס ספדונה,עץ במפות (בלי כרטיס קטיף),ddg-5c4064a9c6e5,DuckDuckGo: Green pear fruit isolated on white background with full depth of field ...,https://www.alamy.com/green-pear-fruit-isolated-on-white-background-with-full-depth-of-field-image491539535.html,https://c8.alamy.com/comp/2KFKFKB/green-pear-fruit-isolated-on-white-background-with-full-depth-of-field-2KFKFKB.jpg,generic
140-pear-fruit.jpg,אגס ספדונה,עץ במפות (בלי כרטיס קטיף),ddg-60cff3acf889,DuckDuckGo: Pear Fruit Food - Free photo on Pixabay - Pixabay,https://pixabay.com/photos/pear-fruit-food-nature-spring-8995264/,https://cdn.pixabay.com/photo/2024/08/24/21/50/pear-8995264_1280.png,generic
140-pear-fruit.jpg,אגס ספדונה,עץ במפות (בלי כרטיס קטיף),ddg-a575e16eb5c3,DuckDuckGo: 1920x1080 wallpaper | green pear fruit lot | Peakpx,https://www.peakpx.com/528393/green-pear-fruit-lot/1920x1080-wallpaper,https://c1.peakpx.com/wallpaper/72/493/88/bartlett-pear-pear-bartlett-healthy-wallpaper.jpg,generic
141-pear-fruit.jpg,אגס (לא סגור),עץ במפות (בלי כרטיס קטיף),ddg-158943d5fdaf,"DuckDuckGo: Pear Fruit Benefits (Nashpati) for Health, Hair & Skin - 15 Amazing List",https://stylesatlife.com/articles/pear-fruit-benefits/,https://stylesatlife.com/wp-content/uploads/2019/06/pear-fruit-benefits.jpg,generic
141-pear-fruit.jpg,אגס (לא סגור),עץ במפות (בלי כרטיס קטיף),ddg-5c4064a9c6e5,DuckDuckGo: Green pear fruit isolated on white background with full depth of field ...,https://www.alamy.com/green-pear-fruit-isolated-on-white-background-with-full-depth-of-field-image491539535.html,https://c8.alamy.com/comp/2KFKFKB/green-pear-fruit-isolated-on-white-background-with-full-depth-of-field-2KFKFKB.jpg,generic
141-pear-fruit.jpg,אגס (לא סגור),עץ במפות (בלי כרטיס קטיף),ddg-60cff3acf889,DuckDuckGo: Pear Fruit Food - Free photo on Pixabay - Pixabay,https://pixabay.com/photos/pear-fruit-food-nature-spring-8995264/,https://cdn.pixabay.com/photo/2024/08/24/21/50/pear-8995264_1280.png,generic
141-pear-fruit.jpg,אגס (לא סגור),עץ במפות (בלי כרטיס קטיף),ddg-a575e16eb5c3,DuckDuckGo: 1920x1080 wallpaper | green pear fruit lot | Peakpx,https://www.peakpx.com/528393/green-pear-fruit-lot/1920x1080-wallpaper,https://c1.peakpx.com/wallpaper/72/493/88/bartlett-pear-pear-bartlett-healthy-wallpaper.jpg,generic
142-mango-fruit.jpg,מנגו הרכבה,עץ במפות (בלי כרטיס קטיף),ddg-91cce0028088,DuckDuckGo: Mango Definition Fruit at Abigail Martin blog,https://ceunsufb.blob.core.windows.net/mango-definition-fruit.html,http://www.modernthrill.com/wp-content/uploads/2015/06/Mangoes.jpg,generic
142-mango-fruit.jpg,מנגו הרכבה,עץ במפות (בלי כרטיס קטיף),ddg-f3b9ed6728e8,"DuckDuckGo: Mango fruit png, Mango on transparent background 22825532 PNG",https://www.vecteezy.com/png/22825532-mango-fruit-png-mango-on-transparent-background,https://static.vecteezy.com/system/resources/previews/022/825/532/original/mango-fruit-mango-on-transparent-background-png.png,generic
142-mango-fruit.jpg,מנגו הרכבה,עץ במפות (בלי כרטיס קטיף),ddg-baac9024b173,DuckDuckGo: Mango fruit hanging on a tree with a rustic wooden table 23732136 Stock ...,https://www.vecteezy.com/photo/23732136-mango-fruit-hanging-on-a-tree-with-a-rustic-wooden-table,https://static.vecteezy.com/system/resources/previews/023/732/136/large_2x/mango-fruit-hanging-on-a-tree-with-a-rustic-wooden-table-free-photo.jpg,generic
142-mango-fruit.jpg,מנגו הרכבה,עץ במפות (בלי כרטיס קטיף),ddg-8b7ee04f963d,DuckDuckGo: Download Ripe Red Mango Fruit Slices Wallpaper | Wallpapers.com,https://wallpapers.com/wallpapers/ripe-red-mango-fruit-slices-brqdoirk1d48vij1.html,https://wallpapers.com/images/hd/ripe-red-mango-fruit-slices-brqdoirk1d48vij1.jpg,generic
143-avocado-fruit.jpg,אבוקדו,עץ במפות (בלי כרטיס קטיף),ddg-517848c6bc07,DuckDuckGo: Avocado Fruit Health Benefits And Nutrition Facts | Fruits Facts - All ...,https://tools.wbez.org/avocado-fruit-season/avocado-fruit-health-benefits-and-nutrition-facts-fruits-facts,https://www.fruitsinfo.com/fruit-facts/wp-content/uploads/2021/12/avocado-fruit.png,generic
143-avocado-fruit.jpg,אבוקדו,עץ במפות (בלי כרטיס קטיף),ddg-96a84101d575,DuckDuckGo: closeup photo of avocado fruit on isolated white background Generative ...,https://www.vecteezy.com/photo/33329057-closeup-photo-of-avocado-fruit-on-isolated-white-background-generative-ai,https://static.vecteezy.com/system/resources/previews/033/329/057/large_2x/closeup-of-avocado-fruit-on-isolated-white-background-generative-ai-photo.jpg,generic
143-avocado-fruit.jpg,אבוקדו,עץ במפות (בלי כרטיס קטיף),ddg-8d05e2c2dd90,"DuckDuckGo: Download Avocado, Avocados, Healthy. Royalty-Free Stock Illustration ...",https://pixabay.com/illustrations/avocado-avocados-healthy-fruit-8979115/,https://cdn.pixabay.com/photo/2024/08/19/00/09/avocado-8979115_1280.jpg,generic
143-avocado-fruit.jpg,אבוקדו,עץ במפות (בלי כרטיס קטיף),ddg-7e4125cbce8e,"DuckDuckGo: Avocado Fruit Stock Photos, Images and Backgrounds for Free Download",https://www.vecteezy.com/free-photos/avocado-fruit,https://static.vecteezy.com/system/resources/thumbnails/033/347/272/small_2x/closeup-of-avocado-fruit-on-isolated-white-background-generative-ai-photo.jpg,generic
144-cherimoya-fruit.jpg,אנונה,עץ במפות (בלי כרטיס קטיף),ddg-65cf0b88c566,DuckDuckGo: Cherimoya Is The Andean Fruit Said To Embody Deliciousness,https://www.foodrepublic.com/1326469/what-is-cherimoya-andean-fruit/,https://www.foodrepublic.com/img/gallery/cherimoya-is-the-andean-fruit-said-to-embody-deliciousness/l-intro-1688034925.jpg,generic
144-cherimoya-fruit.jpg,אנונה,עץ במפות (בלי כרטיס קטיף),ddg-2a7fd7905fd7,DuckDuckGo: Cherimoya fruit Live tree (Annona cherimola) Rare tropical fruits from ...,https://elreydelasplantas.com/shop/en/home/242-cherimoya-fruit-live-tree-annona-cherimola-rare-tropical-fruits-from-mexico.html,https://elreydelasplantas.com/shop/1685-thickbox_default/cherimoya-fruit-live-tree-annona-cherimola-rare-tropical-fruits-from-mexico.jpg,generic
144-cherimoya-fruit.jpg,אנונה,עץ במפות (בלי כרטיס קטיף),ddg-93564fd13704,"DuckDuckGo: Cherimoya Fruit, Watercolor Clipart Illustration With Isolated ...",https://cartoondealer.com/image/342912215/cherimoya-fruit-watercolor-clipart-illustration-isolated-background.html,https://thumbs.dreamstime.com/z/cherimoya-fruit-isolated-white-background-d-illustration-representing-exotic-tropical-fruits-healthy-eating-366205385.jpg,generic
144-cherimoya-fruit.jpg,אנונה,עץ במפות (בלי כרטיס קטיף),ddg-8c447db2da7e,DuckDuckGo: Cherimoya Fruit: Khám Phá Lợi Ích và Cách Sử Dụng Quả Cherimoya,https://rdsic.edu.vn/blog/blog-4/cherimoya-fruit-vi-cb.html,https://shop.goodhillfarms.com/cdn/shop/files/large-cherimoya-custard-apple-good-hill-farms-35310574764192.jpg?v=1723398658&width=1946,generic
015-jaffa-orange.jpg,שמוטי,הדרים,ddg-91621b3f3251,"DuckDuckGo: Jaffa Orange | Local Orange From Tel Aviv, Israel",https://www.tasteatlas.com/jaffa-orange,https://www.tasteatlas.com/images/ingredients/a28f92cde02340fcae92a54e4a522811.jpg?mw=1300,generic
015-jaffa-orange.jpg,שמוטי,הדרים,ddg-93c61058c8bf,DuckDuckGo: Amazon.com: SORINA Jaffa Duo Orange Jelly & Chocolate Covered Biscuits ...,https://www.amazon.com/Jaffa-Orange-Chocolate-Covered-Biscuits/dp/B0CYXVTFR4,https://m.media-amazon.com/images/I/81c04bzSbkL._SL1500_.jpg,generic
015-jaffa-orange.jpg,שמוטי,הדרים,ddg-a28621260419,"DuckDuckGo: Jaffa orange - Alchetron, The Free Social Encyclopedia",https://alchetron.com/Jaffa-orange,https://alchetron.com/cdn/jaffa-orange-14bc11ee-99c5-4340-84a0-40f83c4073e-resize-750.jpeg,generic
015-jaffa-orange.jpg,שמוטי,הדרים,ddg-48b2c28a7735,DuckDuckGo: Jaffa Orange with Green Leaf,https://www.pinterest.com/pin/jaffa-orange-with-green-leaf--552113235540402741/,https://i.pinimg.com/736x/9d/13/39/9d1339468584cd2957aa44b0ae1798eb.jpg,generic
017-orri-mandarin.jpg,אורה (מנדרינה),הדרים,ddg-3e49f63e49f3,DuckDuckGo: Orri Mandarin,http://www.khaishen.com/product-ft-763/,http://www.khaishen.com/App_ClientFile/f9490ab6-6115-4aff-b3ed-d8d01995d1ec/WebFruit/UploadItem/82a1a0e9-14df-4a3c-b85d-6c566d8a1390/4673acd3-8a04-4897-bbd4-bba58bff2a8e/4673acd3-8a04-4897-bbd4-bba58bff2a8e.jpg,generic
017-orri-mandarin.jpg,אורה (מנדרינה),הדרים,ddg-f2441372ac11,DuckDuckGo: Organic Orri Mandarin,https://www.bienmanger.com/2F38433_Organic_Orri_Mandarin.html,https://produits.bienmanger.com/38433-0w470h470_Organic_Orri_Mandarin.jpg,generic
017-orri-mandarin.jpg,אורה (מנדרינה),הדרים,ddg-8ce70c735da9,DuckDuckGo: Orri Mandarin,http://goodfruitguide.co.uk/product/orri/,https://goodfruitguide.co.uk/wp-content/uploads/Mandarin-Orri-ES-DSC_0499-cr-500x333-1.jpg,generic
017-orri-mandarin.jpg,אורה (מנדרינה),הדרים,ddg-bd7d6c50d6f1,DuckDuckGo: Orri Mandarin Live Plant (Citrus reticulata) - veliyathgardens,https://veliyathgarden.com/products/orri-mandarin-live-plant-citrus-reticulata,http://veliyathgarden.com/cdn/shop/files/OrriMandarin_3.jpg?v=1767683383,generic
033-ettinger-avocado.jpg,אטינגר,אבוקדו,ddg-bfc15799d74f,DuckDuckGo: Ettinger Avocado,https://www.avocadotreegrowers.com/post/ettinger-avocado,"https://static.wixstatic.com/media/f153ec_a79e9fe0ba53487a8f2d216cdc253b60~mv2.jpg/v1/fill/w_980,h_980,al_c,q_85,usm_0.66_1.00_0.01,enc_avif,quality_auto/f153ec_a79e9fe0ba53487a8f2d216cdc253b60~mv2.jpg",generic
033-ettinger-avocado.jpg,אטינגר,אבוקדו,ddg-d13054b63a8c,DuckDuckGo: Ettinger avocado: a profile - YouTube,https://www.youtube.com/watch?v=_zDGethqTwQ,https://i.ytimg.com/vi/_zDGethqTwQ/maxresdefault.jpg,generic
033-ettinger-avocado.jpg,אטינגר,אבוקדו,ddg-6e09615a2458,DuckDuckGo: Ettinger Avocado Tree,https://www.avocadotreegrowers.com/post/ettinger-avocado-tree,"https://static.wixstatic.com/media/f153ec_44b3377e31974b3994dedf54e90709df~mv2.jpeg/v1/fill/w_750,h_1000,al_c,q_85,usm_0.66_1.00_0.01/f153ec_44b3377e31974b3994dedf54e90709df~mv2.jpeg",generic
033-ettinger-avocado.jpg,אטינגר,אבוקדו,ddg-2c4934047641,DuckDuckGo: Persea americana 'Ettinger' - Avocado - Mid Valley Trees,https://midvalleytrees.com/product/persea-americana-ettinger-avocado/,https://midvalleytrees.com/wp-content/uploads/2022/03/avocado-ettinger-600x600.jpg,generic
034-tig-avocado.jpg,טיג,אבוקדו,ddg-1e72422d27b5,DuckDuckGo: Baked Eggs in Avocado - The Tig | Living at home,https://www.pinterest.com/pin/696298792375106570/,https://i.pinimg.com/736x/9b/2c/18/9b2c189e7a6d63b99f4f83031d2cd0d5.jpg,generic
034-tig-avocado.jpg,טיג,אבוקדו,ddg-bd9b0ce2e641,DuckDuckGo: Avocado: Ghana's next €2billion export win - Elikem Desewu writes | TIG ...,https://theindependentghana.com/article/Features/avocado-ghanas-next-e2billion-export-win-elikem-desewu-writes,https://backend.theindependentghana.com/wp-content/uploads/2023/04/Avocado.jpg,generic
036-fuerte-avocado.jpg,פוארטה,אבוקדו,ddg-9c97b23c48c6,DuckDuckGo: Fuerte Avocado Grow Guide - Tropical Tree Guide,https://tropicaltreeguide.com/fuerte-avocado-grow-guide/,https://tropicaltreeguide.com/wp-content/uploads/2024/05/Avocado_Fuerte_Fruit_IG_AvahoAvocados_15-1024x999.jpg,generic
036-fuerte-avocado.jpg,פוארטה,אבוקדו,ddg-e2efca9f6f66,DuckDuckGo: Fuerte Avocado Grow Guide - Tropical Tree Guide,https://tropicaltreeguide.com/fuerte-avocado-grow-guide/,https://tropicaltreeguide.com/wp-content/uploads/2024/05/Avocado_Fuerte_Fruit_IG_grossmanavocados_08-1024x1010.jpg,generic
036-fuerte-avocado.jpg,פוארטה,אבוקדו,ddg-cbcb7414edb7,DuckDuckGo: Fuerte Avocado Grow Guide - Tropical Tree Guide,https://tropicaltreeguide.com/fuerte-avocado-grow-guide/,https://tropicaltreeguide.com/wp-content/uploads/2024/05/Avocado_Fuerte_Fruit_IG_AvahoAvocados_10.jpg,generic
036-fuerte-avocado.jpg,פוארטה,אבוקדו,ddg-995bf93dadfc,DuckDuckGo: Fuerte Avocado Grow Guide - Tropical Tree Guide,https://tropicaltreeguide.com/fuerte-avocado-grow-guide/,https://tropicaltreeguide.com/wp-content/uploads/2024/05/Avocado_Fuerte_Fruit_IG_AvahoAvocados_02.jpg,generic
037-pinkerton-avocado.jpg,פינקרטון,אבוקדו,ddg-be65820ec0b2,DuckDuckGo: Vietnamese Pinkerton Avocado - 4 pieces a set | Shopee Malaysia,https://shopee.com.my/Vietnamese-Pinkerton-Avocado-4-pieces-a-set-i.45872270.6345212367,https://down-my.img.susercontent.com/file/1131a1da6697831d59ce0f9276f0c2e6,generic
037-pinkerton-avocado.jpg,פינקרטון,אבוקדו,ddg-2ad41ac5fc33,DuckDuckGo: Avocado - Pinkerton Fruit Plant - Kerala Garden,https://keralagarden.com/products/avocado-pinkerton-fruit-plant,https://keralagarden.com/cdn/shop/files/ChatGPTImageSep11_2025_09_01_42AM.png?v=1757561517&width=1946,generic
037-pinkerton-avocado.jpg,פינקרטון,אבוקדו,ddg-d5f17730fee5,"DuckDuckGo: Pinkerton Avocados: Description, Flavor, Benefits, And Uses - Gardeners ...",https://gardenersmag.com/pinkerton-avocado/,https://gardenersmag.com/wp-content/uploads/2023/09/pinkerton-avocado-description.jpg,generic
037-pinkerton-avocado.jpg,פינקרטון,אבוקדו,ddg-3e0324bab7fe,DuckDuckGo: Avocado - Pinkerton Semi Dwarf Grafted (A) - Guildford Garden Centre,https://guildfordgardencentre.com.au/product/avocado-pinkerton-grafted-a/,https://d204kmtnty10bd.cloudfront.net/wp-content/uploads/2025/05/06094736/Pinkerton-Label-1536x1358.jpg,generic
038-maluma-avocado.jpg,מלומה,אבוקדו,ddg-91d7a7fcdbbf,"DuckDuckGo: Maluma (avocado) - Alchetron, The Free Social Encyclopedia",https://alchetron.com/Maluma-(avocado),https://alchetron.com/cdn/maluma-avocado-9abad33f-97cd-45aa-a537-6b875d71ebd-resize-750.jpeg,generic
038-maluma-avocado.jpg,מלומה,אבוקדו,ddg-21c54c954704,DuckDuckGo: Avocado Maluma Hass,https://www.lauriemeadows.info/food_garden/fruit/Avocado_cv_Maluma_Hass.html,https://www.lauriemeadows.info/food_garden/fruit/avocado_cv_Maluma_fruit_ripe_2014.jpg,generic
038-maluma-avocado.jpg,מלומה,אבוקדו,ddg-cfd9ced68ca4,"DuckDuckGo: Maluma yields outperform Hass in Peruvian avocado trials, claims Talsa ...",https://www.freshfruitportal.com/news/2018/03/15/maluma-yields-outperform-hass-peruvian-avocado-trials-claims-talsa/,https://cdn.freshfruitportal.com/2018/03/Maluma-avos-at-Chao.jpg,generic
038-maluma-avocado.jpg,מלומה,אבוקדו,ddg-e480feb6ed4f,DuckDuckGo: Avocado Maluma Hass,https://www.lauriemeadows.info/food_garden/fruit/Avocado_cv_Maluma_Hass.html,https://www.lauriemeadows.info/food_garden/fruit/avocado_cv_Maluma_fruit_green_seed_2014.jpg,generic
039-hass-avocado.jpg,הס,אבוקדו,ddg-2cfb1e87b859,"DuckDuckGo: Large Hass Avocado - Chino Valley Produce Company, LLC",https://chinovalleyproduce.com/products/hass-avocado,https://chinovalleyproduce.com/cdn/shop/products/Hass-Avocado-HERO.jpg?v=1672972919,generic
039-hass-avocado.jpg,הס,אבוקדו,ddg-154defba3883,DuckDuckGo: Hass Avocado Varieties In Kenya That Most Farmers Are Unaware About ...,https://farmerstrend.co.ke/trending/hass-avocado-varieties-in-kenya-that-most-farmers-are-unaware-about/,https://farmerstrend.co.ke/wp-content/uploads/2022/10/hass-avocado-varieties-in-kenya.jpg,generic
039-hass-avocado.jpg,הס,אבוקדו,ddg-794f08207c4c,DuckDuckGo: Hass avocado - Alma,https://www.almafrutta.com/en/prodotti/hass-avocado/,https://www.almafrutta.com/wp-content/uploads/Avocado-Haas-1024x881.png,generic
039-hass-avocado.jpg,הס,אבוקדו,ddg-6fac9afff4fc,DuckDuckGo: Hass Avocado Fruits Isolated On White Background Royalty-Free Stock ...,https://cartoondealer.com/image/268651569/hass-avocado-fruits-isolated-white-background.html,https://thumbs.dreamstime.com/z/hass-avocado-fruits-isolated-white-background-268651569.jpg,generic
040-reed-avocado.jpg,ריד (מאוחר),אבוקדו,ddg-cdef24286d42,DuckDuckGo: The Reed avocado tree: a profile - Greg Alder's Yard Posts: Southern ...,https://gregalder.com/yardposts/the-reed-avocado-tree-a-profile/,https://gregalder.com/yardposts/wp-content/uploads/2020/06/mature-reed-avocados-on-tree-in-summer-1-768x1024.jpg,generic
040-reed-avocado.jpg,ריד (מאוחר),אבוקדו,ddg-4ec2066fb51e,DuckDuckGo: Avocado Reed Tree - Persea americana,https://www.daleysfruit.com.au/buy/avocado-reed-tree.htm,https://plant.daleysfruit.com.au/ml/avocado-reed-a-7949.jpeg,generic
040-reed-avocado.jpg,ריד (מאוחר),אבוקדו,ddg-7831d977d9b4,DuckDuckGo: Reed Avocado — Perrys Fruit & Nut Nursery,https://perrysfruitnursery.com.au/shop/p/reed-avacado,http://static1.squarespace.com/static/5e313d76b6c4e169efe3a301/5e48e17c8639f00805069d5e/611f204da8cb2b3ca4520daa/1712288022882/reed-avocado-in-half.jpg?format=1500w,generic
040-reed-avocado.jpg,ריד (מאוחר),אבוקדו,ddg-206e8de85afb,DuckDuckGo: Reed Avocado - Good Hill Farms,https://shop.goodhillfarms.com/products/reed-avocado-fruit-box,http://shop.goodhillfarms.com/cdn/shop/files/reed-avocado-good-hill-farms-36927516082336.jpg?v=1747300691,generic
041-gala-apple.jpg,גאלה (מוקדם),תפוחים,ddg-b4cdc146810b,DuckDuckGo: Gala Apple Tree for Sale: Enjoy Sweet and Versatile Fruit from Your Own ...,https://www.thesill.com/products/gala-apple-tree,https://cdn.shopify.com/s/files/1/0150/6262/files/Gala_Apple_Tree_Basket.png?v=1707417689,generic
041-gala-apple.jpg,גאלה (מוקדם),תפוחים,ddg-229346d023f2,DuckDuckGo: Apple Royal Gala USA 1 kg Online at Best Price | Lulu UAE,https://gcc.luluhypermarket.com/en-ae/p/197290-ea/,https://bf1af2.akinoncloudcdn.com/products/2024/10/01/145976/39f88bec-95b5-4415-9362-09b8cf0bc29e_size3840_cropCenter.jpg,generic
041-gala-apple.jpg,גאלה (מוקדם),תפוחים,ddg-2557e6498e03,DuckDuckGo: Royal Gala Apple at ₹ 280/kg | Pune | ID: 2854624224091,https://www.indiamart.com/proddetail/royal-gala-apple-2854624224091.html,https://5.imimg.com/data5/SELLER/Default/2024/8/441788283/HT/OJ/OY/226251461/royal-gala-apple-1000x1000.jpg,generic
041-gala-apple.jpg,גאלה (מוקדם),תפוחים,ddg-b09faaefbafc,DuckDuckGo: Gala Apple - OrgFarm,https://orgfarm.store/products/gala-apple,https://orgfarm.store/cdn/shop/files/royal-gala.jpg?v=1721806890&width=1500,generic
042-golden-delicious-apple.jpg,זהוב / Golden,תפוחים,ddg-d6452e61546d,DuckDuckGo: Golden Delicious Apple Trees for Sale | FastGrowingTrees.com,https://www.fast-growing-trees.com/products/YellowDelicious,https://cdn.shopify.com/s/files/1/0059/8835/2052/files/Yellow-Delicious_Apples_5_FGT_a80b7594-d89c-4c0e-8161-0bc1c19d90e9.jpg,generic
042-golden-delicious-apple.jpg,זהוב / Golden,תפוחים,ddg-cf4b59f5aa8e,DuckDuckGo: Golden Delicious Apple Tree | Popular Apples | Ornamental Trees,https://www.ornamental-trees.co.uk/collections/all-apple-trees/products/golden-delicious-apple-tree,https://www.ornamental-trees.co.uk/cdn/shop/files/golden-delicious-apple-tree-p70-13143_image.jpg?v=1731683593&width=1445,generic
042-golden-delicious-apple.jpg,זהוב / Golden,תפוחים,ddg-3e7cb4cf717e,"DuckDuckGo: Apple Tree, 'Golden Delicious' - DeGroot",https://retail.degroot-inc.com/product/apple-tree-golden-delicious/,http://retail.degroot-inc.com/wp-content/uploads/2025/01/AS_Apple_GoldenDelicious_3.jpg,generic
042-golden-delicious-apple.jpg,זהוב / Golden,תפוחים,ddg-c752c544884a,DuckDuckGo: Golden Delicious Apple Pollination at Judy Moore blog,https://storage.googleapis.com/dijyvqayfbweee/golden-delicious-apple-pollination.html,https://images.fineartamerica.com/images-medium-large-5/golden-delicious-apples-on-branch-david-hendersonscience-photo-library.jpg,generic
043-pink-lady-apple.jpg,פינק ליידי (מאוחר),תפוחים,ddg-b7ab4280b261,"DuckDuckGo: Pink Lady Apple | The Mile, Pocklington",https://www.themilefarmshop.co.uk/pink-lady-apple/,https://www.themilefarmshop.co.uk/images/shop/more/1500x1500_430_6bf9229788bcd61537c82667de9084c2_1595000371PinkLadyApple.jpg,generic
043-pink-lady-apple.jpg,פינק ליידי (מאוחר),תפוחים,ddg-f7f0a8feda73,DuckDuckGo: Cripps Pink / Pink Lady - USApple,https://usapple.org/apple-variety/cripps-pink-pink-lady,https://usapple.org/wp-content/uploads/2019/10/apple-pink-lady.png,generic
043-pink-lady-apple.jpg,פינק ליידי (מאוחר),תפוחים,ddg-9c9fcca36e63,DuckDuckGo: Pink Lady Apple Review - Apple Rankings by The Appleist Brian Frange,https://applerankings.com/pink-lady-apple-review/,https://applerankings.com/wp-content/uploads/2021/04/pink-lady.png,generic
043-pink-lady-apple.jpg,פינק ליידי (מאוחר),תפוחים,ddg-b4e6337475b8,DuckDuckGo: Pink Lady® Apple Trees for Sale | FastGrowingTrees.com,https://www.fast-growing-trees.com/products/Pink-Lady-Apple-Tree,https://cdn.shopify.com/s/files/1/0059/8835/2052/files/Pink_Lady_Apple_3_8be6f880-ce69-446a-97f0-94cf0e527545.jpg?v=1707160739,generic
044-peach-fruit.jpg,עודד (אפרסק מוקדם),אפרסק / נקטרינה,ddg-bd0bef6022ee,"DuckDuckGo: Peach | Fruit, Description, History, Cultivation, Uses, & Facts ...",https://www.britannica.com/plant/peach,https://cdn.britannica.com/68/124168-050-33A2B851/Fruit-peach-tree.jpg,generic
044-peach-fruit.jpg,עודד (אפרסק מוקדם),אפרסק / נקטרינה,ddg-7645c4c59e0f,DuckDuckGo: Premium Photo | Close up view of peach fuzz fruit,https://www.freepik.com/premium-ai-image/close-up-view-peach-fuzz-fruit_137773866.htm,https://img.freepik.com/premium-photo/close-up-view-peach-fuzz-fruit_937988-11581.jpg?w=2000,generic
044-peach-fruit.jpg,עודד (אפרסק מוקדם),אפרסק / נקטרינה,ddg-63e1d24dffd9,"DuckDuckGo: Peach fruit png, Peach on transparent background 22825549 PNG",https://www.vecteezy.com/png/22825549-peach-fruit-png-peach-on-transparent-background,https://static.vecteezy.com/system/resources/previews/022/825/549/non_2x/peach-fruit-peach-on-transparent-background-png.png,generic
044-peach-fruit.jpg,עודד (אפרסק מוקדם),אפרסק / נקטרינה,ddg-6a3fbed16bed,"DuckDuckGo: 60,000+ Free Peach-Fruit & Peach Images - Pixabay",https://pixabay.com/images/search/peach-fruit/,https://cdn.pixabay.com/photo/2015/12/03/13/51/peach-1074997_1280.jpg,generic
045-nectarine-fruit.jpg,נקטרינה צהובה,אפרסק / נקטרינה,ddg-627ef6e76787,DuckDuckGo: Fresh Fruit Red Nectarine Fruit Photography Map With Pictures ...,https://pngtree.com/freebackground/fresh-fruit-red-nectarine-fruit-photography-map-with-pictures_1508544.html,https://png.pngtree.com/background/20211216/original/pngtree-fresh-fruit-red-nectarine-fruit-photography-map-with-pictures-picture-image_1508544.jpg,generic
045-nectarine-fruit.jpg,נקטרינה צהובה,אפרסק / נקטרינה,ddg-3010d3c0fafc,DuckDuckGo: Peach Nectarine Peaches Nectarines Slice Half Fruit Fresh Fruits ...,https://cartoondealer.com/image/73263280/peach-nectarine-peaches-nectarines-slice-half-fruit-fresh-fruits.html,https://thumbs.dreamstime.com/z/three-ripe-peach-nectarine-fruits-slices-white-32308662.jpg,generic
045-nectarine-fruit.jpg,נקטרינה צהובה,אפרסק / נקטרינה,ddg-2413eeff7c32,DuckDuckGo: 100+ Free Nectarine & Fruit Photos - Pixabay,https://pixabay.com/photos/search/nectarine/,https://cdn.pixabay.com/photo/2016/01/16/08/41/nectarines-1143032_1280.jpg,generic
045-nectarine-fruit.jpg,נקטרינה צהובה,אפרסק / נקטרינה,ddg-1b88d9e00da2,DuckDuckGo: Nectarine Tree Care - How And Where Do Nectarines Grow,https://www.gardeningknowhow.com/edible/fruits/nectarines/growing-nectarine-fruit-trees.htm,https://www.gardeningknowhow.com/wp-content/uploads/2021/07/sweet-and-ripe-nectarines.jpg,generic
046-white-nectarine.jpg,נקטרינה לבנה,אפרסק / נקטרינה,ddg-82599bef589b,DuckDuckGo: Farzana | Nectarine White,https://www.farzana.ae/nectarine-white,https://www.farzana.ae/images/thumbs/0006961_nectarine-white.jpeg,generic
046-white-nectarine.jpg,נקטרינה לבנה,אפרסק / נקטרינה,ddg-ec5263dd2a9d,"DuckDuckGo: Fresh White Nectarine, 1 ct - Foods Co.",https://www.foodsco.net/p/fresh-white-nectarine/0000000003035,https://www.kroger.com/product/images/xlarge/front/0000000003035,generic
046-white-nectarine.jpg,נקטרינה לבנה,אפרסק / נקטרינה,ddg-1e0a3ac71819,DuckDuckGo: White nectarine - Marrapese Export & Services,https://www.marrapesexport.com/white-nectarine/,https://www.marrapesexport.com/wp-content/uploads/2024/02/white-nectarine.jpg,generic
046-white-nectarine.jpg,נקטרינה לבנה,אפרסק / נקטרינה,ddg-6976356974a0,"DuckDuckGo: White nectarine stock photo. Image of group, organic - 123566580",https://www.dreamstime.com/white-nectarine-sliced-white-nectarine-path-isolated-image123566580,https://thumbs.dreamstime.com/z/white-nectarine-sliced-white-nectarine-path-isolated-123566580.jpg,generic
047-peach-fruit.jpg,סאמר סנו,אפרסק / נקטרינה,ddg-b566b58cd8c0,DuckDuckGo: Peach Trees With Fruit Dwarf Val Peach | Yalca Fruit Trees,https://narodnatribuna.info/lists/p/peach-trees-with-fruit/,https://www.thespruce.com/thmb/pyml82DbR6AcoJ4Q-GhCOpJv60c=/4800x3211/filters:no_upscale():max_bytes(150000):strip_icc()/dwarf-fruit-trees-4588521-03-4e7ddbcbbfac4c49add9d9ad488ac065.jpg,generic
047-peach-fruit.jpg,סאמר סנו,אפרסק / נקטרינה,ddg-58626f6ea4c0,DuckDuckGo: Peach Fruit Food - Free photo on Pixabay,https://pixabay.com/photos/peach-fruit-food-peach-fruit-853879/,https://cdn.pixabay.com/photo/2015/07/21/12/25/peach-853879_1280.jpg,generic
047-peach-fruit.jpg,סאמר סנו,אפרסק / נקטרינה,ddg-2d92b92c9607,"DuckDuckGo: Peach Fruit Png, Peach On Transparent Background 22825541, 49% OFF",https://www.pinnaxis.com/?k=peach-fruit-png-peach-on-transparent-background-22825541-png-ee-2EJ8xQHj,https://png.pngtree.com/png-clipart/20230508/original/pngtree-peach-fruit-on-white-background-png-image_9148135.png,generic
047-peach-fruit.jpg,סאמר סנו,אפרסק / נקטרינה,ddg-88bf709b7360,"DuckDuckGo: Peach | Fruit, Description, History, Cultivation, Uses, & Facts ...",https://www.britannica.com/plant/peach,https://cdn.britannica.com/60/171660-050-850EC136/Peaches-tree.jpg,generic
048-flat-peach.jpg,פיתה (אפרסק שטוח),אפרסק / נקטרינה,ddg-38a669e4a66b,"DuckDuckGo: Flat Peach Isolated on White Background, Clipping Path, Full Depth of ...",https://www.dreamstime.com/flat-peach-isolated-white-background-clipping-path-full-depth-field-fruit-fig-chinese-ripe-sweet-red-fresh-food-healthy-image124891508,https://thumbs.dreamstime.com/b/flat-peach-isolated-white-background-clipping-path-full-depth-field-fruit-fig-chinese-ripe-sweet-red-fresh-food-healthy-124891508.jpg,generic
048-flat-peach.jpg,פיתה (אפרסק שטוח),אפרסק / נקטרינה,ddg-d2778380351a,"DuckDuckGo: Flat Peach Nutrition Facts - Donut Peach, Calories, Vitamins & Health ...",https://fruitspedia.com/fruits/flat-peach,https://fruitspedia.com/_next/image?url=%2Fimages%2Ffruits%2Fflatpeach.webp&w=3840&q=75,generic
048-flat-peach.jpg,פיתה (אפרסק שטוח),אפרסק / נקטרינה,ddg-e0b380dcebd8,"DuckDuckGo: Flat peach stock photo. Image of white, colorful, flat - 96946144",https://www.dreamstime.com/stock-photo-flat-peach-path-white-image96946144,https://thumbs.dreamstime.com/z/flat-peach-path-white-96946144.jpg,generic
048-flat-peach.jpg,פיתה (אפרסק שטוח),אפרסק / נקטרינה,ddg-ecdfa12e9ea3,DuckDuckGo: Difference Between Flat Peach And Normal Peach at Mia Mullins blog,https://storage.googleapis.com/dvwnevmmjlfyme/difference-between-flat-peach-and-normal-peach.html,https://c8.alamy.com/comp/2T1JWC8/flat-peach-path-isolated-on-white-2T1JWC8.jpg,generic
049-methley-plum.jpg,מטלי (מוקדם),שזיפים,ddg-c6ce6257e250,DuckDuckGo: Methley Plum Tree,https://www.yarden.com/product/methley-plum-tree/,https://www.yarden.com/wp-content/uploads/Methley-Plum-tree.jpg,generic
049-methley-plum.jpg,מטלי (מוקדם),שזיפים,ddg-6c13720b89fd,DuckDuckGo: Methley Plum Tree For Sale | Attract Deer To Your Land- Wildtree,https://wildtree.co/product/methley-plum/,https://www.wildtree.co/wp-content/uploads/2022/11/1.png,generic
049-methley-plum.jpg,מטלי (מוקדם),שזיפים,ddg-24e90ac6f38f,"DuckDuckGo: Plum Tree, 'Methley' - DeGroot",https://retail.degroot-inc.com/product/plum-tree-methley/,https://retail.degroot-inc.com/wp-content/uploads/2025/01/AS_Plum_Methley_2-2048x2048.jpg,generic
049-methley-plum.jpg,מטלי (מוקדם),שזיפים,ddg-37265ec4aa03,DuckDuckGo: 'Methley' Plum - General Fruit Growing - Growing Fruit,https://growingfruit.org/t/methley-plum/23196,https://d55v7rs15ikf5.cloudfront.net/original/3X/9/1/919ce8ee7fc85d15174f1563c891e492ded1a07b.jpeg,generic
050-santa-rosa-plum.jpg,סנטה רוזה,שזיפים,ddg-f807a4bba06f,DuckDuckGo: Santa Rosa Plum Tree for Sale - Grow Organic,https://www.groworganic.com/products/santa-rosa-plum-tree,https://www.groworganic.com/cdn/shop/files/Santa_Rosa_Plum.jpg?v=1733420993&width=1946,generic
050-santa-rosa-plum.jpg,סנטה רוזה,שזיפים,ddg-ca688a7a8893,DuckDuckGo: Santa Rosa Plum Tree For Sale | Keep Deer On Your Land- Wildtree,https://wildtree.co/product/santa-rosa-plum/,https://wildtree.co/wp-content/uploads/2022/11/2.png,generic
050-santa-rosa-plum.jpg,סנטה רוזה,שזיפים,ddg-e8dc696891df,DuckDuckGo: Plum Santa Rosa Tree - Prunis sp,https://www.daleysfruit.com.au/buy/plum-santa-rosa-tree.htm,https://plant.daleysfruit.com.au/trees/m/Plum-Santa-Rosa-1399.jpeg,generic
050-santa-rosa-plum.jpg,סנטה רוזה,שזיפים,ddg-a534fd6e2b6b,DuckDuckGo: Santa Rosa Plum Tree for Sale | Stark Bro's,https://www.starkbros.com/products/fruit-trees/plum-trees/santa-rosa-plum,https://www.starkbros.com/images/dynamic/1510.jpg,generic
051-plum-fruit.jpg,שגיב,שזיפים,ddg-c87d01bcd76d,"DuckDuckGo: Illustration of a ripe, whole plum fruit with a smooth texture and ...",https://www.vecteezy.com/png/50175484-illustration-of-a-ripe-whole-plum-fruit-with-a-smooth-texture-and-natural-sheen-showcased-clearly-on-a-seamless-transparent-background,https://static.vecteezy.com/system/resources/previews/050/175/484/non_2x/illustration-of-a-ripe-whole-plum-fruit-with-a-smooth-texture-and-natural-sheen-showcased-clearly-on-a-seamless-transparent-background-png.png,generic
051-plum-fruit.jpg,שגיב,שזיפים,ddg-777e7a00099b,"DuckDuckGo: What Is A Cherry Plum? Fruit Guide, Uses & Key Facts",https://ihealthintrends.com/what-is-a-cherry-plum/,https://ihealthintrends.com/wp-content/uploads/2025/11/cherry-plum-fruit-varieties-red-yellow.jpg,generic
051-plum-fruit.jpg,שגיב,שזיפים,ddg-bf16bfd136f1,DuckDuckGo: Benefits Of Eating Plums | What Is A Plum Fruit - KQPH,https://ui.cestpasmoijelejure.com/benefits-of-eating-plums-what-is-a-plum-fruit/,https://dvvwrk0u94pdu.cloudfront.net/articles/_x1920/plumb-benefits-2400x1256-v3.jpg?mtime=20200514153858&focal=none,generic
051-plum-fruit.jpg,שגיב,שזיפים,ddg-c3a1655422d7,DuckDuckGo: Plums Fruits Plum Tree Fruit - Free photo on Pixabay,https://pixabay.com/photos/plums-fruits-plum-tree-fruit-tree-7402200/,https://cdn.pixabay.com/photo/2022/08/21/22/02/plums-7402200_960_720.jpg,generic
052-indian-banana.jpg,בננה הודית,בננה / פאפיה,ddg-c6787dfd88bf,DuckDuckGo: Premium Photo | Indian farmer young in a banana field,https://www.freepik.com/premium-photo/indian-farmer-young-banana-field_83986585.htm,https://img.freepik.com/premium-photo/indian-farmer-young-banana-field_866042-146.jpg?w=2000,generic
052-indian-banana.jpg,בננה הודית,בננה / פאפיה,ddg-b16755035338,DuckDuckGo: Varieties of Banana: A Complete Guide for Indian Farmers and Agribusin ...,https://www.khethari.com/blogs/news/varieties-of-banana-a-complete-guide-for-indian-farmers-and-agribusiness-professionals,https://cdn.shopify.com/s/files/1/0550/9401/8125/files/ChatGPT_Image_Feb_4_2026_05_31_23_PM.png?v=1770206510,generic
052-indian-banana.jpg,בננה הודית,בננה / פאפיה,ddg-b9b55d741f05,DuckDuckGo: Indian yellow banana shot in studio Stock Photo - Alamy,https://www.alamy.com/indian-yellow-banana-shot-in-studio-image396312895.html,https://c8.alamy.com/comp/2E0NH3Y/indian-yellow-banana-shot-in-studio-2E0NH3Y.jpg,generic
052-indian-banana.jpg,בננה הודית,בננה / פאפיה,ddg-e5b274593cd7,DuckDuckGo: Premium AI Image | Smart and young indian banana farmer banana farming ...,https://www.freepik.com/premium-ai-image/smart-young-indian-banana-farmer-banana-farming-happy-farmer_107683722.htm,https://img.freepik.com/premium-photo/smart-young-indian-banana-farmer-banana-farming-happy-farmer_926199-1074766.jpg?w=2000,generic
053-red-banana.jpg,בננה אדומה,בננה / פאפיה,ddg-ce1996db25c8,DuckDuckGo: 7 Red Banana Benefits (And How They Differ From Yellow Ones),https://www.healthline.com/nutrition/red-bananas,https://i0.wp.com/www.healthline.com/hlcmsresource/images/AN_images/red-bananas-1296x728-feature.jpg?w=1155&h=1528,generic
053-red-banana.jpg,בננה אדומה,בננה / פאפיה,ddg-75565ac5c63b,DuckDuckGo: Red Banana - Sprout Living,https://sproutliving.com/pages/red-banana,https://cdn.shopify.com/s/files/1/0597/6162/3248/t/11/assets/35ed528fcd0e--Red-Banana.jpeg?v=1639791980,generic
053-red-banana.jpg,בננה אדומה,בננה / פאפיה,ddg-cf4bc642c3dd,DuckDuckGo: Red Banana,https://naturesbox.in/products/red-banana,https://naturesbox.in/cdn/shop/files/Red-Banana_2048x2048.jpg?v=1733828431,generic
053-red-banana.jpg,בננה אדומה,בננה / פאפיה,ddg-c9b9d2208743,"DuckDuckGo: 73,500+ Banana Red Stock Photos, Pictures & Royalty-Free Images - iStock",https://www.istockphoto.com/photos/banana-red,https://media.istockphoto.com/id/621839788/photo/red-bananas-sri-lanka.jpg?s=612x612&w=0&k=20&c=fmKy1jIjQG62F4U31oUAkMUqTFnrJVkmj09OtHiBJqk=,generic
054-blue-plum.jpg,כחולה,שזיפים,ddg-5371e429db38,"DuckDuckGo: Plum Fruits Group. Plum Produce. Stock Photo - Image of shrub, blue ...",https://www.dreamstime.com/plum-fruits-group-produce-plums-nature-blue-abstract-beautiful-image332216654,https://thumbs.dreamstime.com/b/plum-fruits-group-produce-plums-nature-blue-abstract-beautiful-332216654.jpg,generic
054-blue-plum.jpg,כחולה,שזיפים,ddg-f0dbefa150df,DuckDuckGo: Blue Plum Isolated On White Background Stock Photo - Download Image Now ...,https://www.istockphoto.com/photo/blue-plum-isolated-on-white-background-gm843946336-138007043,https://media.istockphoto.com/id/843946336/photo/blue-plum-isolated-on-white-background.jpg?s=1024x1024&w=is&k=20&c=mbtWAxCZ9daRhNd176XawaMVmLa8alUjaXqJxTPQIqA=,generic
054-blue-plum.jpg,כחולה,שזיפים,ddg-f7b0f34fc188,DuckDuckGo: Blue fruits of blue plum on a branch with green leaves close-up Stock ...,https://www.alamy.com/blue-fruits-of-blue-plum-on-a-branch-with-green-leaves-close-up-image575583247.html,https://c8.alamy.com/comp/2TCC28F/blue-fruits-of-blue-plum-on-a-branch-with-green-leaves-close-up-2TCC28F.jpg,generic
054-blue-plum.jpg,כחולה,שזיפים,ddg-4be549476c0f,"DuckDuckGo: A single blue plum fruit, shiny and freshly picked. 52130260 Stock ...",https://www.vecteezy.com/photo/52130260-a-single-blue-plum-fruit-shiny-and-freshly-picked,https://static.vecteezy.com/system/resources/previews/052/130/260/large_2x/a-single-blue-plum-fruit-shiny-and-freshly-picked-photo.jpg,generic
055-plum-fruit.jpg,בורו / רגיל,שזיפים,ddg-6a34dbcac228,DuckDuckGo: Plum Fruit Plant at Julia Belcher blog,https://storage.googleapis.com/dgfvavruvntxme/plum-fruit-plant.html,https://plantnet.com.au/wp-content/uploads/a_okay-Plum-fruit-trees3.jpg,generic
055-plum-fruit.jpg,בורו / רגיל,שזיפים,ddg-18617ac30dd5,"DuckDuckGo: Governor's Plum - Nutrition Facts, Tropical Fruit, Antioxidants, Health ...",https://fruitspedia.com/fruits/governors-plum,https://fruitspedia.com/images/fruits/governorsplum.webp,generic
055-plum-fruit.jpg,בורו / רגיל,שזיפים,ddg-d075b1221bd8,DuckDuckGo: Plums Fruit Fresh - Free photo on Pixabay - Pixabay,https://pixabay.com/photos/plums-fruit-fresh-ripe-plum-tree-8737743/,https://cdn.pixabay.com/photo/2024/05/03/18/59/plums-8737743_960_720.jpg,generic
055-plum-fruit.jpg,בורו / רגיל,שזיפים,ddg-e1fec7ba0ec6,DuckDuckGo: Isolated plum. Single blue plum fruit with leaf isolated on white ...,https://www.alamy.com/isolated-plum-single-blue-plum-fruit-with-leaf-isolated-on-white-background-with-clipping-path-image547084353.html,https://c8.alamy.com/comp/2PP1RJW/isolated-plum-single-blue-plum-fruit-with-leaf-isolated-on-white-background-with-clipping-path-2PP1RJW.jpg,generic
056-black-plum.jpg,בלאק,שזיפים,ddg-2ebce6585c81,"DuckDuckGo: 48 Types of Plums: (A-to-Z) Photos | Plum nutrition, Black plums, Types ...",https://ca.pinterest.com/pin/48-types-of-plums-atoz-photos--841188036683295494/,https://i.pinimg.com/736x/86/95/41/86954106524028ca2758ee085a865a85.jpg,generic
056-black-plum.jpg,בלאק,שזיפים,ddg-953fe5c35c3f,DuckDuckGo: Black Plums Inside _ Growing Plums: Common Plum Problems - ELFOH,https://qualityauthors.co.uk/black-plums-inside-growing-plums-common-plum-problems/,https://img06.weeecdn.com/item/image/017/258/54E2FF838C53FE79.jpg,generic
056-black-plum.jpg,בלאק,שזיפים,ddg-30079c47ab7b,DuckDuckGo: Page 23 | Black Plum Images - Free Download on Freepik,https://www.freepik.com/free-photos-vectors/black-plum/23,https://img.freepik.com/premium-photo/ripe-black-plum-white-background_1137529-27581.jpg,generic
056-black-plum.jpg,בלאק,שזיפים,ddg-4eafcb10fff8,DuckDuckGo: Fresh Black Plum | Central Market - Really Into Food,https://www.centralmarket.com/product/fresh-black-plum/375254,https://images.heb.com/is/image/HEBGrocery/000375254-1,generic
057-plum-fruit.jpg,אוגדן,שזיפים,ddg-64f9385f069d,DuckDuckGo: Plum Plums Fruit Tree Stock Photos & Plum Plums Fruit Tree Stock Images ...,https://www.alamy.com/stock-photo/plum-plums-fruit-tree.html,https://c8.alamy.com/comp/GG2WKM/plum-fruit-garden-in-sunny-summer-day-GG2WKM.jpg,generic
057-plum-fruit.jpg,אוגדן,שזיפים,ddg-18020a02a90e,DuckDuckGo: Plum heaven - General Fruit Growing - Growing Fruit,https://growingfruit.org/t/plum-heaven/12449,https://d55v7rs15ikf5.cloudfront.net/original/3X/1/8/188d834ec9eddbc4aafb19de68bda93c26f2a7cf.jpeg,generic
057-plum-fruit.jpg,אוגדן,שזיפים,ddg-2346851b8626,DuckDuckGo: Plum Fruit Benefits In Kannada at Sean Chapman blog,https://loekcxyar.blob.core.windows.net/vsw1qozvqh/plum-fruit-benefits-in-kannada.html,https://i.ytimg.com/vi/fpPFLdv41ko/maxresdefault.jpg,generic
057-plum-fruit.jpg,אוגדן,שזיפים,ddg-ae19819120b7,DuckDuckGo: Premium Photo | Plum fruit watercolor painting,https://www.freepik.com/premium-ai-image/plum-fruit-watercolor-painting_157454824.htm,https://img.freepik.com/premium-photo/plum-fruit-watercolor-painting_742608-1300.jpg?w=2000,generic
058-plum-fruit.jpg,המושל (מאוחר),שזיפים,ddg-e25648ea0749,DuckDuckGo: Cherry Plum Fruits. Ripe Red Cherry Plum Fruits Stock Photo - Image of ...,https://www.dreamstime.com/cherry-plum-fruits-ripe-red-fruit-harvest-image299793990,https://thumbs.dreamstime.com/b/cherry-plum-fruits-ripe-red-fruit-harvest-299793990.jpg,generic
058-plum-fruit.jpg,המושל (מאוחר),שזיפים,ddg-ae19819120b7,DuckDuckGo: Premium Photo | Plum fruit watercolor painting,https://www.freepik.com/premium-ai-image/plum-fruit-watercolor-painting_157454824.htm,https://img.freepik.com/premium-photo/plum-fruit-watercolor-painting_742608-1300.jpg?w=2000,generic
058-plum-fruit.jpg,המושל (מאוחר),שזיפים,ddg-dfb258e4fd3b,"DuckDuckGo: Common Plum, prune, dried Fruit, Plum, Produce, fruits, local Food ...",https://www.pikist.com/en-clipart-ycwlo,https://a0.pikist.com/pngimg/198/1542/common-plum-prune-dried-fruit-plum-produce-fruits-local-food-common-nutrition-natural-foods.png,generic
059-apricot-fruit.jpg,בלדי,משמשים,ddg-0eeb0b880245,DuckDuckGo: Apricot Fruit Category at Terry Asher blog,https://storage.googleapis.com/dvpabrsqzixxwe/apricot-fruit-category.html,https://cdn.britannica.com/33/108033-050-ABFF88E7/apricots.jpg,generic
059-apricot-fruit.jpg,בלדי,משמשים,ddg-612facd67087,DuckDuckGo: Apricot Fruit Pronunciation at Kelly Levy blog,https://storage.googleapis.com/dcbuocezhgabde/apricot-fruit-pronunciation.html,https://static.vecteezy.com/system/resources/previews/028/862/511/large_2x/apricot-fruits-isolated-on-white-background-cutout-ai-generated-photo.jpg,generic
059-apricot-fruit.jpg,בלדי,משמשים,ddg-c24547186dd5,DuckDuckGo: Fresh tasty apricot fruit with seed isolated on transparent background ...,https://www.vecteezy.com/png/24108066-fresh-tasty-apricot-fruit-with-seed-isolated-on-transparent-background,https://static.vecteezy.com/system/resources/previews/024/108/066/large_2x/fresh-tasty-apricot-fruit-with-seed-isolated-on-transparent-background-png.png,generic
059-apricot-fruit.jpg,בלדי,משמשים,ddg-6ff6e8ae2b9b,DuckDuckGo: Apricot Fruit (Prunus armeniaca): Nutritional and Health Benefits,https://pharmchoices.com/apricot-fruit-nutritional-and-health-benefits/,https://pharmchoices.com/wp-content/uploads/2023/07/Apricot-Fruit-Prunus-armeniaca-Nutritional-and-Health-Benefits-1024x538.jpg,generic
060-apricot-fruit.jpg,רעננה,משמשים,ddg-0eeb0b880245,DuckDuckGo: Apricot Fruit Category at Terry Asher blog,https://storage.googleapis.com/dvpabrsqzixxwe/apricot-fruit-category.html,https://cdn.britannica.com/33/108033-050-ABFF88E7/apricots.jpg,generic
060-apricot-fruit.jpg,רעננה,משמשים,ddg-612facd67087,DuckDuckGo: Apricot Fruit Pronunciation at Kelly Levy blog,https://storage.googleapis.com/dcbuocezhgabde/apricot-fruit-pronunciation.html,https://static.vecteezy.com/system/resources/previews/028/862/511/large_2x/apricot-fruits-isolated-on-white-background-cutout-ai-generated-photo.jpg,generic
060-apricot-fruit.jpg,רעננה,משמשים,ddg-c24547186dd5,DuckDuckGo: Fresh tasty apricot fruit with seed isolated on transparent background ...,https://www.vecteezy.com/png/24108066-fresh-tasty-apricot-fruit-with-seed-isolated-on-transparent-background,https://static.vecteezy.com/system/resources/previews/024/108/066/large_2x/fresh-tasty-apricot-fruit-with-seed-isolated-on-transparent-background-png.png,generic
060-apricot-fruit.jpg,רעננה,משמשים,ddg-6ff6e8ae2b9b,DuckDuckGo: Apricot Fruit (Prunus armeniaca): Nutritional and Health Benefits,https://pharmchoices.com/apricot-fruit-nutritional-and-health-benefits/,https://pharmchoices.com/wp-content/uploads/2023/07/Apricot-Fruit-Prunus-armeniaca-Nutritional-and-Health-Benefits-1024x538.jpg,generic
061-apricot-fruit.jpg,פוליפונזי (מאוחר),משמשים,ddg-abb8e062c8e5,"DuckDuckGo: Apricot Fruit, Nutrient-Rich, Summer, Fresh, Snack PNG",https://www.pngmart.com/image/217358,https://www.pngmart.com/files/15/Apricot-Fruit-PNG-Background-Image.png,generic
061-apricot-fruit.jpg,פוליפונזי (מאוחר),משמשים,ddg-024ee3c4a1d1,DuckDuckGo: 5 Apricot (Prunus armeniaca) -tree bio seeds - Delicious fruit!Easy to ...,https://www.ecrater.co.uk/p/36005770/5-apricot-prunus-armeniaca-tree-bio,https://s.ecrater.com/stores/482310/5e5182c58a5a6_482310b.jpg,generic
061-apricot-fruit.jpg,פוליפונזי (מאוחר),משמשים,ddg-446405353302,DuckDuckGo: Apricot Fruit Cultivation In India at Lincoln Pie blog,https://storage.googleapis.com/dqymrjgygkyice/apricot-fruit-cultivation-in-india.html,https://imgnew.outlookindia.com/public/uploads/articles/2021/8/31/apricot_new.jpg,generic
061-apricot-fruit.jpg,פוליפונזי (מאוחר),משמשים,ddg-2d106ac1eeed,DuckDuckGo: Fruit Warehouse: Apricot ( Prunus armeniaca ),https://fruitwarehouse.blogspot.com/2012/02/apricot-prunus-armeniaca.html,https://blogger.googleusercontent.com/img/b/R29vZ2xl/AVvXsEi2sLdOGgqKWAE1k8GM_mpa530Db2VPNvVhQeLHODkSNhz9moh3n-N46yJ2Z-UL1q9i2vvNblCFvEU-XRO2-FiYDmF8h9Ld-2I1elURireksNwy8DRHqNU9akkYa-nCGoINd3VVjLLRVLJs/s1600/FreshApricot.jpg,generic
062-pear-fruit.jpg,אגס בלדי,אגסים,ddg-cbe2ad9f2f5d,DuckDuckGo: Red Yellow Pear Fruit with Leaf Isolated on White Stock Photo - Image ...,https://www.dreamstime.com/stock-photo-red-yellow-pear-fruit-leaf-isolated-white-clipping-path-image78863322,https://thumbs.dreamstime.com/z/red-yellow-pear-fruit-leaf-isolated-white-clipping-path-78863322.jpg,generic
062-pear-fruit.jpg,אגס בלדי,אגסים,ddg-5aecb99eb101,DuckDuckGo: Green pear fruit photo - Free Wallpaper Image on Unsplash,https://unsplash.com/photos/green-pear-fruit-bLPjs4Kw9JU,https://images.unsplash.com/photo-1570115114436-63d3405246e7?fm=jpg&q=60&w=3000&ixlib=rb-4.1.0&ixid=M3wxMjA3fDB8MHxwaG90by1wYWdlfHx8fGVufDB8fHx8fA%3D%3D,generic
062-pear-fruit.jpg,אגס בלדי,אגסים,ddg-594e8cf56e38,DuckDuckGo: Pear Fruit Food - Free photo on Pixabay,https://pixabay.com/photos/pear-fruit-food-healthy-fresh-9435474/,https://cdn.pixabay.com/photo/2025/02/27/16/03/pear-9435474_1280.jpg,generic
062-pear-fruit.jpg,אגס בלדי,אגסים,ddg-8af5a1ef10d4,DuckDuckGo: Green Pear Fruit on White Background | Premium AI-generated image,https://www.freepik.com/premium-ai-image/green-pear-fruit-white-background_280677271.htm,https://img.freepik.com/premium-photo/green-pear-fruit-white-background_1003686-52723.jpg,generic
063-nashi-asian-pear.jpg,נאשי (אגס אסייתי),אגסים,ddg-7c35fd777db0,"DuckDuckGo: Asian Pear or Nashi Pear with Leaf Stock Image - Image of healthy, food ...",https://www.dreamstime.com/asian-pear-nashi-pear-leaf-asian-pear-nashi-pear-leaf-isolated-white-background-image136673221,https://thumbs.dreamstime.com/b/asian-pear-nashi-pear-leaf-asian-pear-nashi-pear-leaf-isolated-white-background-136673221.jpg,generic
063-nashi-asian-pear.jpg,נאשי (אגס אסייתי),אגסים,ddg-940761271027,"DuckDuckGo: Nashi or Asian pear: unique characteristics, varieties and the most ...",https://en.jardineriaon.com/nashi-pyrus-pyrifolia.html,https://www.jardineriaon.com/wp-content/uploads/2025/08/caracteristicas-y-cultivo-del-nashi.jpg,generic
063-nashi-asian-pear.jpg,נאשי (אגס אסייתי),אגסים,ddg-74e9fd2bfc6b,DuckDuckGo: Asian pear or Nashi pear isolated on white background Stock Photo - Alamy,https://www.alamy.com/asian-pear-or-nashi-pear-isolated-on-white-background-image235118995.html,https://c8.alamy.com/comp/RJEGJY/asian-pear-or-nashi-pear-isolated-on-white-background-RJEGJY.jpg,generic
063-nashi-asian-pear.jpg,נאשי (אגס אסייתי),אגסים,ddg-bd58ec613f5b,DuckDuckGo: Nashi (Asian Pear): A Sweet Taste of Fall - Chef JA Cooks,https://chefjacooks.com/en/nashi-asian-pear/,https://chefjacooks.com/wp-content/uploads/2025/09/nashi-asian-pear-4-860x573.jpg,generic
064-white-fig.jpg,תאנה לבנה,תאנים,ddg-2eb43703ae37,DuckDuckGo: White Fig Tree Seeds | My Seeds,https://www.myseeds.com.au/product/copy-of-organic-kiwiberry-seeds-31,"https://static.wixstatic.com/media/b3e017_97f68a1d2a77432aa87696c28f0ba5b9~mv2.jpg/v1/fill/w_894,h_894,al_c,q_85,enc_avif,quality_auto/b3e017_97f68a1d2a77432aa87696c28f0ba5b9~mv2.jpg",generic
064-white-fig.jpg,תאנה לבנה,תאנים,ddg-436f33d5619e,DuckDuckGo: White Fig Tree Photos and Premium High Res Pictures - Getty Images,https://www.gettyimages.co.uk/photos/white-fig-tree,https://media.gettyimages.com/id/182125313/photo/white-fig-moraceae-dissected.jpg?s=612x612&w=gi&k=20&c=meorbswWMdoEe7gMMGbIQBWgmfuUCEyOtisHd8lptos=,generic
064-white-fig.jpg,תאנה לבנה,תאנים,ddg-d9e1c98726c1,DuckDuckGo: Fig White Adriatic Tree - Ficus carica,https://www.daleysfruit.com.au/buy/fig-white-adriatic-tree.htm,https://plant.daleysfruit.com.au/ml/fig-white-adriatic-2969.jpeg,generic
064-white-fig.jpg,תאנה לבנה,תאנים,ddg-fd113a99cee4,DuckDuckGo: Fig Tree - White Genoa | Nationwide Free Delivery,https://www.buygrow.co.za/products/fig-tree-white-genoa,https://www.buygrow.co.za/cdn/shop/files/white-genoa-fig-tree.jpg?v=1726637061,generic
065-fig-fruit.jpg,תאנה קפריסאית,תאנים,ddg-1d6b48f48bc8,DuckDuckGo: Figs Fruit Fig Tree - Free photo on Pixabay,https://pixabay.com/photos/figs-fruit-fig-tree-sweet-branches-7421496/,https://cdn.pixabay.com/photo/2022/08/30/16/45/figs-7421496_960_720.jpg,generic
065-fig-fruit.jpg,תאנה קפריסאית,תאנים,ddg-1326e7314ec1,DuckDuckGo: Premium AI Image | A close up of a fig fruit,https://www.freepik.com/premium-ai-image/close-up-fig-fruit_46234065.htm,https://img.freepik.com/premium-photo/close-up-fig-fruit_664601-8295.jpg,generic
065-fig-fruit.jpg,תאנה קפריסאית,תאנים,ddg-2bab59d760dd,DuckDuckGo: Fig Fruit Photos at Gladys Roy blog,https://storage.googleapis.com/dgqetfobimihye/fig-fruit-photos.html,https://www.pomonafruits.co.uk/bmz_cache/f/f57d34e39284ef1277b3e06ff5efa58b.image.1200x1200.jpg,generic
065-fig-fruit.jpg,תאנה קפריסאית,תאנים,ddg-25cc7298e9d7,DuckDuckGo: Fig Fruit Photos at Gladys Roy blog,https://storage.googleapis.com/dgqetfobimihye/fig-fruit-photos.html,https://cdn.pixabay.com/photo/2022/01/09/12/01/fruit-6925811_1280.jpg,generic
066-purple-fig.jpg,תאנה ברזילאית,תאנים,ddg-914cb7dbf6ff,DuckDuckGo: Premium Photo | Purple fig exotic health nourishment on horizontal ...,https://www.freepik.com/premium-ai-image/purple-fig-exotic-health-nourishment-horizontal-background-with-copy-space_162898363.htm,https://img.freepik.com/premium-photo/purple-fig-exotic-health-nourishment-horizontal-background-with-copy-space_87543-33963.jpg?w=2000,generic
066-purple-fig.jpg,תאנה ברזילאית,תאנים,ddg-f4628c496304,DuckDuckGo: LSU PURPLE FIG | Shop Online Fig Trees!,https://onlinefigtrees.com/products/lsu-purple-fig,http://onlinefigtrees.com/cdn/shop/files/LSU_Purple_Fig_Tree.webp?v=1757935401,generic
066-purple-fig.jpg,תאנה ברזילאית,תאנים,ddg-2135a5cdf87b,DuckDuckGo: Perfect Plants 1-Gallon LSU Purple Fig Fruit Tree In Pot (With Soil ...,https://www.pinterest.com/pin/perfect-plants-1gallon-lsu-purple-fig-fruit-tree-in-pot-with-soil-disease-resistant-drought-tolerant-inse--416794140532396003/,https://i.pinimg.com/originals/ab/eb/fc/abebfc053933ec5d1920ccf87f1ec4f2.jpg,generic
066-purple-fig.jpg,תאנה ברזילאית,תאנים,ddg-107376adb40a,DuckDuckGo: Premium Photo | Fresh purple fig fruit and slices with leaf isolated on ...,https://www.freepik.com/premium-ai-image/fresh-purple-fig-fruit-slices-with-leaf-isolated-white-background_181712711.htm,https://img.freepik.com/premium-photo/fresh-purple-fig-fruit-slices-with-leaf-isolated-white-background_781325-9367.jpg?w=996,generic
067-fig-fruit.jpg,תאנים A/B/C,תאנים,ddg-ebc66acde215,DuckDuckGo: How to Prune Fig Trees for the Best Harvests of Fruit,https://www.bhg.com/pruning-fig-trees-6824881,https://www.bhg.com/thmb/TlS9NOlxODUTZe14VWaswyvpmGs=/1500x0/filters:no_upscale():max_bytes(150000):strip_icc()/GettyImages-1414614532-prune-figs-747f58103e724fd19a1cb7cf75ce7d2d.jpg,generic
067-fig-fruit.jpg,תאנים A/B/C,תאנים,ddg-5ec8739eb7f1,DuckDuckGo: Fig Fruit Latex at Latoya Zell blog,https://storage.googleapis.com/dswffoupqorsoe/fig-fruit-latex.html,https://c8.alamy.com/comp/HTEACT/green-fig-fruit-on-tree-in-asia-HTEACT.jpg,generic
067-fig-fruit.jpg,תאנים A/B/C,תאנים,ddg-8c068fffee44,DuckDuckGo: Fig Fruit Food Close - Free photo on Pixabay,https://pixabay.com/photos/fig-fruit-food-close-up-7523232/,https://cdn.pixabay.com/photo/2022/10/15/14/09/fig-7523232_1280.jpg,generic
067-fig-fruit.jpg,תאנים A/B/C,תאנים,ddg-c4e2f5713d68,DuckDuckGo: Fig Images Fruit at Sara Wentworth blog,https://storage.googleapis.com/drxiddqlisgrxe/fig-images-fruit.html,https://www.thespruceeats.com/thmb/MuWFGxgV0i-KCVoyY0DMNXd7BDA=/2124x1413/filters:no_upscale():max_bytes(150000):strip_icc()/FigVarieties-5703d7c15f9b581408aea431.jpg,generic
068-jiro-persimmon.jpg,שינשו (מוקדם),אפרסמון,ddg-90679f68d166,"DuckDuckGo: 40+ Jiro Kaki Japanese Persimmon Stock Photos, Pictures & Royalty-Free ...",https://www.istockphoto.com/photos/jiro-kaki-japanese-persimmon,https://media.istockphoto.com/id/488879112/photo/jiro-kaki-japanese-persimmon.jpg?s=612x612&w=0&k=20&c=XzAyWsDaoxhm7NRyDoxFyUYxfQ89xXQRKQGpbvc6xM8=,generic
068-jiro-persimmon.jpg,שינשו (מוקדם),אפרסמון,ddg-f172e6aa9f52,"DuckDuckGo: Maekawa Jiro Persimmon - Buy indoor plants, succulents, trees and ...",https://www.havenplants.com/product/maekawa-jiro-persimmon/,https://www.havenplants.com/wp-content/uploads/2026/4/1777012770/maekawa-jiro-persimmon-1777012777.webp,generic
068-jiro-persimmon.jpg,שינשו (מוקדם),אפרסמון,ddg-0a4c4c6db3d1,"DuckDuckGo: 40+ Jiro Kaki Japanese Persimmon Stock Photos, Pictures & Royalty-Free ...",https://www.istockphoto.com/photos/jiro-kaki-japanese-persimmon,https://media.istockphoto.com/id/671667894/photo/jiro-kaki-japanese-persimmon-on-a-white-background.jpg?s=612x612&w=0&k=20&c=zGQzQUKqM6e5b4eyh4jqYPFMDgjvloLrhJqm24FDd3s=,generic
068-jiro-persimmon.jpg,שינשו (מוקדם),אפרסמון,ddg-ad811653859c,DuckDuckGo: Fuyu Jiro Persimmon Tree - Giant Fuyu Persimmon Tree - XQVUE,https://eerstkoffie.org/fuyu-jiro-persimmon-tree-giant-fuyu-persimmon-tree/,https://www.wilsonbrosgardens.com/assets/images/diospyros-kaki-fuyu-persimmon-tree-5.jpg,generic
